id	filename	resolution	background	target	source_url	archive_type	provenance
1066	picontransparent-220x132-0.8W_by_chocholousek.7z	220x132	transparent	0.8W	https://picon.cz/download/1066/	core	bundled-catalog-240624
1068	picontransparent-220x132-1.0W_by_chocholousek.7z	220x132	transparent	1.0W	https://picon.cz/download/1068/	core	bundled-catalog-240624
1070	picontransparent-220x132-1.9E_by_chocholousek.7z	220x132	transparent	1.9E	https://picon.cz/download/1070/	core	bundled-catalog-240624
1072	picontransparent-220x132-3.0E_by_chocholousek.7z	220x132	transparent	3.0E	https://picon.cz/download/1072/	core	bundled-catalog-240624
1079	picontransparent-220x132-4.0W_by_chocholousek.7z	220x132	transparent	4.0W	https://picon.cz/download/1079/	core	bundled-catalog-240624
1081	picontransparent-220x132-4.8E_by_chocholousek.7z	220x132	transparent	4.8E	https://picon.cz/download/1081/	core	bundled-catalog-240624
1083	picontransparent-220x132-4.9E_by_chocholousek.7z	220x132	transparent	4.9E	https://picon.cz/download/1083/	core	bundled-catalog-240624
1085	picontransparent-220x132-5.0W_by_chocholousek.7z	220x132	transparent	5.0W	https://picon.cz/download/1085/	core	bundled-catalog-240624
1087	picontransparent-220x132-7.0E_by_chocholousek.7z	220x132	transparent	7.0E	https://picon.cz/download/1087/	core	bundled-catalog-240624
1090	picontransparent-220x132-7.0W_by_chocholousek.7z	220x132	transparent	7.0W	https://picon.cz/download/1090/	core	bundled-catalog-240624
1092	picontransparent-220x132-8.0W_by_chocholousek.7z	220x132	transparent	8.0W	https://picon.cz/download/1092/	core	bundled-catalog-240624
1094	picontransparent-220x132-9.0E_by_chocholousek.7z	220x132	transparent	9.0E	https://picon.cz/download/1094/	core	bundled-catalog-240624
1096	picontransparent-220x132-10.0E_by_chocholousek.7z	220x132	transparent	10.0E	https://picon.cz/download/1096/	core	bundled-catalog-240624
1099	picontransparent-220x132-GermanyDTT_by_chocholousek.7z	220x132	transparent	GermanyDTT	https://picon.cz/download/1099/	core	bundled-catalog-240624
1101	picontransparent-220x132-FranceDTT_by_chocholousek.7z	220x132	transparent	FranceDTT	https://picon.cz/download/1101/	core	bundled-catalog-240624
1103	picontransparent-220x132-14.0W_by_chocholousek.7z	220x132	transparent	14.0W	https://picon.cz/download/1103/	core	bundled-catalog-240624
1105	picontransparent-220x132-13.0E_by_chocholousek.7z	220x132	transparent	13.0E	https://picon.cz/download/1105/	core	bundled-catalog-240624
1119	picontransparent-220x132-15.0W_by_chocholousek.7z	220x132	transparent	15.0W	https://picon.cz/download/1119/	core	bundled-catalog-240624
1121	picontransparent-220x132-16.0E_by_chocholousek.7z	220x132	transparent	16.0E	https://picon.cz/download/1121/	core	bundled-catalog-240624
1125	picontransparent-220x132-19.2E_by_chocholousek.7z	220x132	transparent	19.2E	https://picon.cz/download/1125/	core	bundled-catalog-240624
1127	picontransparent-220x132-PolandDTT_by_chocholousek.7z	220x132	transparent	PolandDTT	https://picon.cz/download/1127/	core	bundled-catalog-240624
1129	picontransparent-220x132-21.5E_by_chocholousek.7z	220x132	transparent	21.5E	https://picon.cz/download/1129/	core	bundled-catalog-240624
1131	picontransparent-220x132-22.0W_by_chocholousek.7z	220x132	transparent	22.0W	https://picon.cz/download/1131/	core	bundled-catalog-240624
1133	picontransparent-220x132-23.5E_by_chocholousek.7z	220x132	transparent	23.5E	https://picon.cz/download/1133/	core	bundled-catalog-240624
1135	picontransparent-220x132-24.5W_by_chocholousek.7z	220x132	transparent	24.5W	https://picon.cz/download/1135/	core	bundled-catalog-240624
1139	picontransparent-220x132-26.0E_by_chocholousek.7z	220x132	transparent	26.0E	https://picon.cz/download/1139/	core	bundled-catalog-240624
1141	picontransparent-220x132-27.5W_by_chocholousek.7z	220x132	transparent	27.5W	https://picon.cz/download/1141/	core	bundled-catalog-240624
1143	picontransparent-220x132-28.2E_by_chocholousek.7z	220x132	transparent	28.2E	https://picon.cz/download/1143/	core	bundled-catalog-240624
1145	picontransparent-220x132-30.0W_by_chocholousek.7z	220x132	transparent	30.0W	https://picon.cz/download/1145/	core	bundled-catalog-240624
1147	picontransparent-220x132-30.5E_by_chocholousek.7z	220x132	transparent	30.5E	https://picon.cz/download/1147/	core	bundled-catalog-240624
1149	picontransparent-220x132-31.5E_by_chocholousek.7z	220x132	transparent	31.5E	https://picon.cz/download/1149/	core	bundled-catalog-240624
1151	picontransparent-220x132-33.0E_by_chocholousek.7z	220x132	transparent	33.0E	https://picon.cz/download/1151/	core	bundled-catalog-240624
1153	picontransparent-220x132-36.0E_by_chocholousek.7z	220x132	transparent	36.0E	https://picon.cz/download/1153/	core	bundled-catalog-240624
1155	picontransparent-220x132-39.0E_by_chocholousek.7z	220x132	transparent	39.0E	https://picon.cz/download/1155/	core	bundled-catalog-240624
1157	picontransparent-220x132-42.0E_by_chocholousek.7z	220x132	transparent	42.0E	https://picon.cz/download/1157/	core	bundled-catalog-240624
1159	picontransparent-220x132-45.0E_by_chocholousek.7z	220x132	transparent	45.0E	https://picon.cz/download/1159/	core	bundled-catalog-240624
1164	picontransparent-220x132-46.0E_by_chocholousek.7z	220x132	transparent	46.0E	https://picon.cz/download/1164/	core	bundled-catalog-240624
1166	picontransparent-220x132-51.5E_by_chocholousek.7z	220x132	transparent	51.5E	https://picon.cz/download/1166/	core	bundled-catalog-240624
1168	picontransparent-220x132-52.0E_by_chocholousek.7z	220x132	transparent	52.0E	https://picon.cz/download/1168/	core	bundled-catalog-240624
1171	picontransparent-220x132-52.5E_by_chocholousek.7z	220x132	transparent	52.5E	https://picon.cz/download/1171/	core	bundled-catalog-240624
1173	picontransparent-220x132-53.0E_by_chocholousek.7z	220x132	transparent	53.0E	https://picon.cz/download/1173/	core	bundled-catalog-240624
1175	picontransparent-220x132-54.9E_by_chocholousek.7z	220x132	transparent	54.9E	https://picon.cz/download/1175/	core	bundled-catalog-240624
1177	picontransparent-220x132-56.0E_by_chocholousek.7z	220x132	transparent	56.0E	https://picon.cz/download/1177/	core	bundled-catalog-240624
1180	picontransparent-220x132-62.0E_by_chocholousek.7z	220x132	transparent	62.0E	https://picon.cz/download/1180/	core	bundled-catalog-240624
1182	picontransparent-220x132-66.0E_by_chocholousek.7z	220x132	transparent	66.0E	https://picon.cz/download/1182/	core	bundled-catalog-240624
1184	picontransparent-220x132-68.5E_by_chocholousek.7z	220x132	transparent	68.5E	https://picon.cz/download/1184/	core	bundled-catalog-240624
1186	picontransparent-220x132-70.5E_by_chocholousek.7z	220x132	transparent	70.5E	https://picon.cz/download/1186/	core	bundled-catalog-240624
1190	picontransparent-220x132-75.0E_by_chocholousek.7z	220x132	transparent	75.0E	https://picon.cz/download/1190/	core	bundled-catalog-240624
1193	picontransparent-220x132-80.0E_by_chocholousek.7z	220x132	transparent	80.0E	https://picon.cz/download/1193/	core	bundled-catalog-240624
1197	picontransparent-220x132-antiksat_by_chocholousek.7z	220x132	transparent	antiksat	https://picon.cz/download/1197/	core	bundled-catalog-240624
1199	picontransparent-220x132-digiczsk_by_chocholousek.7z	220x132	transparent	digiczsk	https://picon.cz/download/1199/	core	bundled-catalog-240624
1202	picontransparent-220x132-ItaliaDTT_by_chocholousek.7z	220x132	transparent	ItaliaDTT	https://picon.cz/download/1202/	core	bundled-catalog-240624
1204	picontransparent-220x132-czskDTT_by_chocholousek.7z	220x132	transparent	czskDTT	https://picon.cz/download/1204/	core	bundled-catalog-240624
1206	picontransparent-220x132-freeSAT_by_chocholousek.7z	220x132	transparent	freeSAT	https://picon.cz/download/1206/	core	bundled-catalog-240624
1211	picontransparent-220x132-skylink_by_chocholousek.7z	220x132	transparent	skylink	https://picon.cz/download/1211/	core	bundled-catalog-240624
1216	piconwhite-50x30-0.8W_by_chocholousek.7z	50x30	white	0.8W	https://picon.cz/download/1216/	core	bundled-catalog-240624
1219	piconwhite-50x30-1.0W_by_chocholousek.7z	50x30	white	1.0W	https://picon.cz/download/1219/	core	bundled-catalog-240624
1221	piconwhite-50x30-1.9E_by_chocholousek.7z	50x30	white	1.9E	https://picon.cz/download/1221/	core	bundled-catalog-240624
1223	piconwhite-50x30-3.0E_by_chocholousek.7z	50x30	white	3.0E	https://picon.cz/download/1223/	core	bundled-catalog-240624
1230	piconwhite-50x30-4.0W_by_chocholousek.7z	50x30	white	4.0W	https://picon.cz/download/1230/	core	bundled-catalog-240624
1233	piconwhite-50x30-4.8E_by_chocholousek.7z	50x30	white	4.8E	https://picon.cz/download/1233/	core	bundled-catalog-240624
1235	piconwhite-50x30-4.9E_by_chocholousek.7z	50x30	white	4.9E	https://picon.cz/download/1235/	core	bundled-catalog-240624
1237	piconwhite-50x30-5.0W_by_chocholousek.7z	50x30	white	5.0W	https://picon.cz/download/1237/	core	bundled-catalog-240624
1240	piconwhite-50x30-7.0E_by_chocholousek.7z	50x30	white	7.0E	https://picon.cz/download/1240/	core	bundled-catalog-240624
1243	piconwhite-50x30-7.0W_by_chocholousek.7z	50x30	white	7.0W	https://picon.cz/download/1243/	core	bundled-catalog-240624
1245	piconwhite-50x30-8.0W_by_chocholousek.7z	50x30	white	8.0W	https://picon.cz/download/1245/	core	bundled-catalog-240624
1247	piconwhite-50x30-9.0E_by_chocholousek.7z	50x30	white	9.0E	https://picon.cz/download/1247/	core	bundled-catalog-240624
1249	piconwhite-50x30-10.0E_by_chocholousek.7z	50x30	white	10.0E	https://picon.cz/download/1249/	core	bundled-catalog-240624
1251	piconwhite-50x30-GermanyDTT_by_chocholousek.7z	50x30	white	GermanyDTT	https://picon.cz/download/1251/	core	bundled-catalog-240624
1253	piconwhite-50x30-FranceDTT_by_chocholousek.7z	50x30	white	FranceDTT	https://picon.cz/download/1253/	core	bundled-catalog-240624
1255	piconwhite-50x30-13.0E_by_chocholousek.7z	50x30	white	13.0E	https://picon.cz/download/1255/	core	bundled-catalog-240624
1257	piconwhite-50x30-14.0W_by_chocholousek.7z	50x30	white	14.0W	https://picon.cz/download/1257/	core	bundled-catalog-240624
1259	piconwhite-50x30-15.0W_by_chocholousek.7z	50x30	white	15.0W	https://picon.cz/download/1259/	core	bundled-catalog-240624
1261	piconwhite-50x30-16.0E_by_chocholousek.7z	50x30	white	16.0E	https://picon.cz/download/1261/	core	bundled-catalog-240624
1265	piconwhite-50x30-19.2E_by_chocholousek.7z	50x30	white	19.2E	https://picon.cz/download/1265/	core	bundled-catalog-240624
1267	piconwhite-50x30-PolandDTT_by_chocholousek.7z	50x30	white	PolandDTT	https://picon.cz/download/1267/	core	bundled-catalog-240624
1269	piconwhite-50x30-21.5E_by_chocholousek.7z	50x30	white	21.5E	https://picon.cz/download/1269/	core	bundled-catalog-240624
1271	piconwhite-50x30-22.0W_by_chocholousek.7z	50x30	white	22.0W	https://picon.cz/download/1271/	core	bundled-catalog-240624
1274	piconwhite-50x30-23.5E_by_chocholousek.7z	50x30	white	23.5E	https://picon.cz/download/1274/	core	bundled-catalog-240624
1277	piconwhite-50x30-24.5W_by_chocholousek.7z	50x30	white	24.5W	https://picon.cz/download/1277/	core	bundled-catalog-240624
1279	piconwhite-50x30-26.0E_by_chocholousek.7z	50x30	white	26.0E	https://picon.cz/download/1279/	core	bundled-catalog-240624
1281	piconwhite-50x30-27.5W_by_chocholousek.7z	50x30	white	27.5W	https://picon.cz/download/1281/	core	bundled-catalog-240624
1283	piconwhite-50x30-28.2E_by_chocholousek.7z	50x30	white	28.2E	https://picon.cz/download/1283/	core	bundled-catalog-240624
1285	piconwhite-50x30-30.0W_by_chocholousek.7z	50x30	white	30.0W	https://picon.cz/download/1285/	core	bundled-catalog-240624
1288	piconwhite-50x30-30.5E_by_chocholousek.7z	50x30	white	30.5E	https://picon.cz/download/1288/	core	bundled-catalog-240624
1290	piconwhite-50x30-31.5E_by_chocholousek.7z	50x30	white	31.5E	https://picon.cz/download/1290/	core	bundled-catalog-240624
1293	piconwhite-50x30-33.0E_by_chocholousek.7z	50x30	white	33.0E	https://picon.cz/download/1293/	core	bundled-catalog-240624
1295	piconwhite-50x30-36.0E_by_chocholousek.7z	50x30	white	36.0E	https://picon.cz/download/1295/	core	bundled-catalog-240624
1297	piconwhite-50x30-39.0E_by_chocholousek.7z	50x30	white	39.0E	https://picon.cz/download/1297/	core	bundled-catalog-240624
1300	piconwhite-50x30-42.0E_by_chocholousek.7z	50x30	white	42.0E	https://picon.cz/download/1300/	core	bundled-catalog-240624
1302	piconwhite-50x30-45.0E_by_chocholousek.7z	50x30	white	45.0E	https://picon.cz/download/1302/	core	bundled-catalog-240624
1307	piconwhite-50x30-46.0E_by_chocholousek.7z	50x30	white	46.0E	https://picon.cz/download/1307/	core	bundled-catalog-240624
1310	piconwhite-50x30-51.5E_by_chocholousek.7z	50x30	white	51.5E	https://picon.cz/download/1310/	core	bundled-catalog-240624
1312	piconwhite-50x30-52.0E_by_chocholousek.7z	50x30	white	52.0E	https://picon.cz/download/1312/	core	bundled-catalog-240624
1315	piconwhite-50x30-52.5E_by_chocholousek.7z	50x30	white	52.5E	https://picon.cz/download/1315/	core	bundled-catalog-240624
1317	piconwhite-50x30-53.0E_by_chocholousek.7z	50x30	white	53.0E	https://picon.cz/download/1317/	core	bundled-catalog-240624
1319	piconwhite-50x30-54.9E_by_chocholousek.7z	50x30	white	54.9E	https://picon.cz/download/1319/	core	bundled-catalog-240624
1321	piconwhite-50x30-56.0E_by_chocholousek.7z	50x30	white	56.0E	https://picon.cz/download/1321/	core	bundled-catalog-240624
1323	piconwhite-50x30-62.0E_by_chocholousek.7z	50x30	white	62.0E	https://picon.cz/download/1323/	core	bundled-catalog-240624
1325	piconwhite-50x30-66.0E_by_chocholousek.7z	50x30	white	66.0E	https://picon.cz/download/1325/	core	bundled-catalog-240624
1327	piconwhite-50x30-68.5E_by_chocholousek.7z	50x30	white	68.5E	https://picon.cz/download/1327/	core	bundled-catalog-240624
1330	piconwhite-50x30-70.5E_by_chocholousek.7z	50x30	white	70.5E	https://picon.cz/download/1330/	core	bundled-catalog-240624
1335	piconwhite-50x30-75.0E_by_chocholousek.7z	50x30	white	75.0E	https://picon.cz/download/1335/	core	bundled-catalog-240624
1337	piconwhite-50x30-80.0E_by_chocholousek.7z	50x30	white	80.0E	https://picon.cz/download/1337/	core	bundled-catalog-240624
1342	piconwhite-50x30-antiksat_by_chocholousek.7z	50x30	white	antiksat	https://picon.cz/download/1342/	core	bundled-catalog-240624
1344	piconwhite-50x30-digiczsk_by_chocholousek.7z	50x30	white	digiczsk	https://picon.cz/download/1344/	core	bundled-catalog-240624
1346	piconwhite-50x30-ItaliaDTT_by_chocholousek.7z	50x30	white	ItaliaDTT	https://picon.cz/download/1346/	core	bundled-catalog-240624
1349	piconwhite-50x30-czskDTT_by_chocholousek.7z	50x30	white	czskDTT	https://picon.cz/download/1349/	core	bundled-catalog-240624
1352	piconwhite-50x30-freeSAT_by_chocholousek.7z	50x30	white	freeSAT	https://picon.cz/download/1352/	core	bundled-catalog-240624
1356	piconwhite-50x30-skylink_by_chocholousek.7z	50x30	white	skylink	https://picon.cz/download/1356/	core	bundled-catalog-240624
1362	picontransparent-100x60-0.8W_by_chocholousek.7z	100x60	transparent	0.8W	https://picon.cz/download/1362/	core	bundled-catalog-240624
1365	picontransparent-100x60-1.0W_by_chocholousek.7z	100x60	transparent	1.0W	https://picon.cz/download/1365/	core	bundled-catalog-240624
1367	picontransparent-100x60-1.9E_by_chocholousek.7z	100x60	transparent	1.9E	https://picon.cz/download/1367/	core	bundled-catalog-240624
1369	picontransparent-100x60-3.0E_by_chocholousek.7z	100x60	transparent	3.0E	https://picon.cz/download/1369/	core	bundled-catalog-240624
1377	picontransparent-100x60-4.0W_by_chocholousek.7z	100x60	transparent	4.0W	https://picon.cz/download/1377/	core	bundled-catalog-240624
1379	picontransparent-100x60-4.8E_by_chocholousek.7z	100x60	transparent	4.8E	https://picon.cz/download/1379/	core	bundled-catalog-240624
1382	picontransparent-100x60-4.9E_by_chocholousek.7z	100x60	transparent	4.9E	https://picon.cz/download/1382/	core	bundled-catalog-240624
1385	picontransparent-100x60-5.0W_by_chocholousek.7z	100x60	transparent	5.0W	https://picon.cz/download/1385/	core	bundled-catalog-240624
1387	picontransparent-100x60-7.0E_by_chocholousek.7z	100x60	transparent	7.0E	https://picon.cz/download/1387/	core	bundled-catalog-240624
1389	picontransparent-100x60-7.0W_by_chocholousek.7z	100x60	transparent	7.0W	https://picon.cz/download/1389/	core	bundled-catalog-240624
1391	picontransparent-100x60-8.0W_by_chocholousek.7z	100x60	transparent	8.0W	https://picon.cz/download/1391/	core	bundled-catalog-240624
1393	picontransparent-100x60-9.0E_by_chocholousek.7z	100x60	transparent	9.0E	https://picon.cz/download/1393/	core	bundled-catalog-240624
1395	picontransparent-100x60-10.0E_by_chocholousek.7z	100x60	transparent	10.0E	https://picon.cz/download/1395/	core	bundled-catalog-240624
1397	picontransparent-100x60-GermanyDTT_by_chocholousek.7z	100x60	transparent	GermanyDTT	https://picon.cz/download/1397/	core	bundled-catalog-240624
1399	picontransparent-100x60-FranceDTT_by_chocholousek.7z	100x60	transparent	FranceDTT	https://picon.cz/download/1399/	core	bundled-catalog-240624
1402	picontransparent-100x60-13.0E_by_chocholousek.7z	100x60	transparent	13.0E	https://picon.cz/download/1402/	core	bundled-catalog-240624
1404	picontransparent-100x60-14.0W_by_chocholousek.7z	100x60	transparent	14.0W	https://picon.cz/download/1404/	core	bundled-catalog-240624
1407	picontransparent-100x60-15.0W_by_chocholousek.7z	100x60	transparent	15.0W	https://picon.cz/download/1407/	core	bundled-catalog-240624
1410	picontransparent-100x60-16.0E_by_chocholousek.7z	100x60	transparent	16.0E	https://picon.cz/download/1410/	core	bundled-catalog-240624
1414	picontransparent-100x60-19.2E_by_chocholousek.7z	100x60	transparent	19.2E	https://picon.cz/download/1414/	core	bundled-catalog-240624
1417	picontransparent-100x60-PolandDTT_by_chocholousek.7z	100x60	transparent	PolandDTT	https://picon.cz/download/1417/	core	bundled-catalog-240624
1420	picontransparent-100x60-21.5E_by_chocholousek.7z	100x60	transparent	21.5E	https://picon.cz/download/1420/	core	bundled-catalog-240624
1423	picontransparent-100x60-22.0W_by_chocholousek.7z	100x60	transparent	22.0W	https://picon.cz/download/1423/	core	bundled-catalog-240624
1426	picontransparent-100x60-23.5E_by_chocholousek.7z	100x60	transparent	23.5E	https://picon.cz/download/1426/	core	bundled-catalog-240624
1429	picontransparent-100x60-24.5W_by_chocholousek.7z	100x60	transparent	24.5W	https://picon.cz/download/1429/	core	bundled-catalog-240624
1431	picontransparent-100x60-26.0E_by_chocholousek.7z	100x60	transparent	26.0E	https://picon.cz/download/1431/	core	bundled-catalog-240624
1433	picontransparent-100x60-27.5W_by_chocholousek.7z	100x60	transparent	27.5W	https://picon.cz/download/1433/	core	bundled-catalog-240624
1436	picontransparent-100x60-28.2E_by_chocholousek.7z	100x60	transparent	28.2E	https://picon.cz/download/1436/	core	bundled-catalog-240624
1439	picontransparent-100x60-30.0W_by_chocholousek.7z	100x60	transparent	30.0W	https://picon.cz/download/1439/	core	bundled-catalog-240624
1442	picontransparent-100x60-30.5E_by_chocholousek.7z	100x60	transparent	30.5E	https://picon.cz/download/1442/	core	bundled-catalog-240624
1444	picontransparent-100x60-31.5E_by_chocholousek.7z	100x60	transparent	31.5E	https://picon.cz/download/1444/	core	bundled-catalog-240624
1447	picontransparent-100x60-33.0E_by_chocholousek.7z	100x60	transparent	33.0E	https://picon.cz/download/1447/	core	bundled-catalog-240624
1449	picontransparent-100x60-36.0E_by_chocholousek.7z	100x60	transparent	36.0E	https://picon.cz/download/1449/	core	bundled-catalog-240624
1452	picontransparent-100x60-39.0E_by_chocholousek.7z	100x60	transparent	39.0E	https://picon.cz/download/1452/	core	bundled-catalog-240624
1454	picontransparent-100x60-42.0E_by_chocholousek.7z	100x60	transparent	42.0E	https://picon.cz/download/1454/	core	bundled-catalog-240624
1456	picontransparent-100x60-45.0E_by_chocholousek.7z	100x60	transparent	45.0E	https://picon.cz/download/1456/	core	bundled-catalog-240624
1460	picontransparent-100x60-46.0E_by_chocholousek.7z	100x60	transparent	46.0E	https://picon.cz/download/1460/	core	bundled-catalog-240624
1462	picontransparent-100x60-51.5E_by_chocholousek.7z	100x60	transparent	51.5E	https://picon.cz/download/1462/	core	bundled-catalog-240624
1464	picontransparent-100x60-52.0E_by_chocholousek.7z	100x60	transparent	52.0E	https://picon.cz/download/1464/	core	bundled-catalog-240624
1467	picontransparent-100x60-52.5E_by_chocholousek.7z	100x60	transparent	52.5E	https://picon.cz/download/1467/	core	bundled-catalog-240624
1469	picontransparent-100x60-53.0E_by_chocholousek.7z	100x60	transparent	53.0E	https://picon.cz/download/1469/	core	bundled-catalog-240624
1471	picontransparent-100x60-54.9E_by_chocholousek.7z	100x60	transparent	54.9E	https://picon.cz/download/1471/	core	bundled-catalog-240624
1473	picontransparent-100x60-56.0E_by_chocholousek.7z	100x60	transparent	56.0E	https://picon.cz/download/1473/	core	bundled-catalog-240624
1476	picontransparent-100x60-62.0E_by_chocholousek.7z	100x60	transparent	62.0E	https://picon.cz/download/1476/	core	bundled-catalog-240624
1479	picontransparent-100x60-66.0E_by_chocholousek.7z	100x60	transparent	66.0E	https://picon.cz/download/1479/	core	bundled-catalog-240624
1482	picontransparent-100x60-68.5E_by_chocholousek.7z	100x60	transparent	68.5E	https://picon.cz/download/1482/	core	bundled-catalog-240624
1484	picontransparent-100x60-70.5E_by_chocholousek.7z	100x60	transparent	70.5E	https://picon.cz/download/1484/	core	bundled-catalog-240624
1488	picontransparent-100x60-75.0E_by_chocholousek.7z	100x60	transparent	75.0E	https://picon.cz/download/1488/	core	bundled-catalog-240624
1491	picontransparent-100x60-80.0E_by_chocholousek.7z	100x60	transparent	80.0E	https://picon.cz/download/1491/	core	bundled-catalog-240624
1496	picontransparent-100x60-antiksat_by_chocholousek.7z	100x60	transparent	antiksat	https://picon.cz/download/1496/	core	bundled-catalog-240624
1499	picontransparent-100x60-digiczsk_by_chocholousek.7z	100x60	transparent	digiczsk	https://picon.cz/download/1499/	core	bundled-catalog-240624
1501	picontransparent-100x60-ItaliaDTT_by_chocholousek.7z	100x60	transparent	ItaliaDTT	https://picon.cz/download/1501/	core	bundled-catalog-240624
1504	picontransparent-100x60-czskDTT_by_chocholousek.7z	100x60	transparent	czskDTT	https://picon.cz/download/1504/	core	bundled-catalog-240624
1507	picontransparent-100x60-freeSAT_by_chocholousek.7z	100x60	transparent	freeSAT	https://picon.cz/download/1507/	core	bundled-catalog-240624
1512	picontransparent-100x60-skylink_by_chocholousek.7z	100x60	transparent	skylink	https://picon.cz/download/1512/	core	bundled-catalog-240624
1516	piconpoolrainbow-400x240-0.8W_by_chocholousek.7z	400x240	poolrainbow	0.8W	https://picon.cz/download/1516/	core	bundled-catalog-240624
1518	piconpoolrainbow-400x240-1.0W_by_chocholousek.7z	400x240	poolrainbow	1.0W	https://picon.cz/download/1518/	core	bundled-catalog-240624
1521	piconpoolrainbow-400x240-1.9E_by_chocholousek.7z	400x240	poolrainbow	1.9E	https://picon.cz/download/1521/	core	bundled-catalog-240624
1523	piconpoolrainbow-400x240-3.0E_by_chocholousek.7z	400x240	poolrainbow	3.0E	https://picon.cz/download/1523/	core	bundled-catalog-240624
1529	piconpoolrainbow-400x240-4.0W_by_chocholousek.7z	400x240	poolrainbow	4.0W	https://picon.cz/download/1529/	core	bundled-catalog-240624
1531	piconpoolrainbow-400x240-4.8E_by_chocholousek.7z	400x240	poolrainbow	4.8E	https://picon.cz/download/1531/	core	bundled-catalog-240624
1533	piconpoolrainbow-400x240-4.9E_by_chocholousek.7z	400x240	poolrainbow	4.9E	https://picon.cz/download/1533/	core	bundled-catalog-240624
1535	piconpoolrainbow-400x240-5.0W_by_chocholousek.7z	400x240	poolrainbow	5.0W	https://picon.cz/download/1535/	core	bundled-catalog-240624
1538	piconpoolrainbow-400x240-7.0E_by_chocholousek.7z	400x240	poolrainbow	7.0E	https://picon.cz/download/1538/	core	bundled-catalog-240624
1540	piconpoolrainbow-400x240-7.0W_by_chocholousek.7z	400x240	poolrainbow	7.0W	https://picon.cz/download/1540/	core	bundled-catalog-240624
1542	piconpoolrainbow-400x240-8.0W_by_chocholousek.7z	400x240	poolrainbow	8.0W	https://picon.cz/download/1542/	core	bundled-catalog-240624
1545	piconpoolrainbow-400x240-9.0E_by_chocholousek.7z	400x240	poolrainbow	9.0E	https://picon.cz/download/1545/	core	bundled-catalog-240624
1547	piconpoolrainbow-400x240-10.0E_by_chocholousek.7z	400x240	poolrainbow	10.0E	https://picon.cz/download/1547/	core	bundled-catalog-240624
1549	piconpoolrainbow-400x240-GermanyDTT_by_chocholousek.7z	400x240	poolrainbow	GermanyDTT	https://picon.cz/download/1549/	core	bundled-catalog-240624
1551	piconpoolrainbow-400x240-FranceDTT_by_chocholousek.7z	400x240	poolrainbow	FranceDTT	https://picon.cz/download/1551/	core	bundled-catalog-240624
1553	piconpoolrainbow-400x240-13.0E_by_chocholousek.7z	400x240	poolrainbow	13.0E	https://picon.cz/download/1553/	core	bundled-catalog-240624
1556	piconpoolrainbow-400x240-14.0W_by_chocholousek.7z	400x240	poolrainbow	14.0W	https://picon.cz/download/1556/	core	bundled-catalog-240624
1558	piconpoolrainbow-400x240-15.0W_by_chocholousek.7z	400x240	poolrainbow	15.0W	https://picon.cz/download/1558/	core	bundled-catalog-240624
1561	piconpoolrainbow-400x240-16.0E_by_chocholousek.7z	400x240	poolrainbow	16.0E	https://picon.cz/download/1561/	core	bundled-catalog-240624
1565	piconpoolrainbow-400x240-19.2E_by_chocholousek.7z	400x240	poolrainbow	19.2E	https://picon.cz/download/1565/	core	bundled-catalog-240624
1567	piconpoolrainbow-400x240-PolandDTT_by_chocholousek.7z	400x240	poolrainbow	PolandDTT	https://picon.cz/download/1567/	core	bundled-catalog-240624
1569	piconpoolrainbow-400x240-21.5E_by_chocholousek.7z	400x240	poolrainbow	21.5E	https://picon.cz/download/1569/	core	bundled-catalog-240624
1571	piconpoolrainbow-400x240-22.0W_by_chocholousek.7z	400x240	poolrainbow	22.0W	https://picon.cz/download/1571/	core	bundled-catalog-240624
1573	piconpoolrainbow-400x240-23.5E_by_chocholousek.7z	400x240	poolrainbow	23.5E	https://picon.cz/download/1573/	core	bundled-catalog-240624
1575	piconpoolrainbow-400x240-24.5W_by_chocholousek.7z	400x240	poolrainbow	24.5W	https://picon.cz/download/1575/	core	bundled-catalog-240624
1577	piconpoolrainbow-400x240-26.0E_by_chocholousek.7z	400x240	poolrainbow	26.0E	https://picon.cz/download/1577/	core	bundled-catalog-240624
1579	piconpoolrainbow-400x240-27.5W_by_chocholousek.7z	400x240	poolrainbow	27.5W	https://picon.cz/download/1579/	core	bundled-catalog-240624
1582	piconpoolrainbow-400x240-28.2E_by_chocholousek.7z	400x240	poolrainbow	28.2E	https://picon.cz/download/1582/	core	bundled-catalog-240624
1584	piconpoolrainbow-400x240-30.0W_by_chocholousek.7z	400x240	poolrainbow	30.0W	https://picon.cz/download/1584/	core	bundled-catalog-240624
1587	piconpoolrainbow-400x240-30.5E_by_chocholousek.7z	400x240	poolrainbow	30.5E	https://picon.cz/download/1587/	core	bundled-catalog-240624
1589	piconpoolrainbow-400x240-31.5E_by_chocholousek.7z	400x240	poolrainbow	31.5E	https://picon.cz/download/1589/	core	bundled-catalog-240624
1591	piconpoolrainbow-400x240-33.0E_by_chocholousek.7z	400x240	poolrainbow	33.0E	https://picon.cz/download/1591/	core	bundled-catalog-240624
1594	piconpoolrainbow-400x240-36.0E_by_chocholousek.7z	400x240	poolrainbow	36.0E	https://picon.cz/download/1594/	core	bundled-catalog-240624
1596	piconpoolrainbow-400x240-39.0E_by_chocholousek.7z	400x240	poolrainbow	39.0E	https://picon.cz/download/1596/	core	bundled-catalog-240624
1598	piconpoolrainbow-400x240-42.0E_by_chocholousek.7z	400x240	poolrainbow	42.0E	https://picon.cz/download/1598/	core	bundled-catalog-240624
1600	piconpoolrainbow-400x240-45.0E_by_chocholousek.7z	400x240	poolrainbow	45.0E	https://picon.cz/download/1600/	core	bundled-catalog-240624
1604	piconpoolrainbow-400x240-46.0E_by_chocholousek.7z	400x240	poolrainbow	46.0E	https://picon.cz/download/1604/	core	bundled-catalog-240624
1606	piconpoolrainbow-400x240-51.5E_by_chocholousek.7z	400x240	poolrainbow	51.5E	https://picon.cz/download/1606/	core	bundled-catalog-240624
1608	piconpoolrainbow-400x240-52.0E_by_chocholousek.7z	400x240	poolrainbow	52.0E	https://picon.cz/download/1608/	core	bundled-catalog-240624
1611	piconpoolrainbow-400x240-52.5E_by_chocholousek.7z	400x240	poolrainbow	52.5E	https://picon.cz/download/1611/	core	bundled-catalog-240624
1614	piconpoolrainbow-400x240-53.0E_by_chocholousek.7z	400x240	poolrainbow	53.0E	https://picon.cz/download/1614/	core	bundled-catalog-240624
1617	piconpoolrainbow-400x240-54.9E_by_chocholousek.7z	400x240	poolrainbow	54.9E	https://picon.cz/download/1617/	core	bundled-catalog-240624
1619	piconpoolrainbow-400x240-56.0E_by_chocholousek.7z	400x240	poolrainbow	56.0E	https://picon.cz/download/1619/	core	bundled-catalog-240624
1621	piconpoolrainbow-400x240-62.0E_by_chocholousek.7z	400x240	poolrainbow	62.0E	https://picon.cz/download/1621/	core	bundled-catalog-240624
1624	piconpoolrainbow-400x240-66.0E_by_chocholousek.7z	400x240	poolrainbow	66.0E	https://picon.cz/download/1624/	core	bundled-catalog-240624
1626	piconpoolrainbow-400x240-68.5E_by_chocholousek.7z	400x240	poolrainbow	68.5E	https://picon.cz/download/1626/	core	bundled-catalog-240624
1628	piconpoolrainbow-400x240-70.5E_by_chocholousek.7z	400x240	poolrainbow	70.5E	https://picon.cz/download/1628/	core	bundled-catalog-240624
1633	piconpoolrainbow-400x240-75.0E_by_chocholousek.7z	400x240	poolrainbow	75.0E	https://picon.cz/download/1633/	core	bundled-catalog-240624
1636	piconpoolrainbow-400x240-80.0E_by_chocholousek.7z	400x240	poolrainbow	80.0E	https://picon.cz/download/1636/	core	bundled-catalog-240624
1641	piconpoolrainbow-400x240-antiksat_by_chocholousek.7z	400x240	poolrainbow	antiksat	https://picon.cz/download/1641/	core	bundled-catalog-240624
1643	piconpoolrainbow-400x240-digiczsk_by_chocholousek.7z	400x240	poolrainbow	digiczsk	https://picon.cz/download/1643/	core	bundled-catalog-240624
1646	piconpoolrainbow-400x240-ItaliaDTT_by_chocholousek.7z	400x240	poolrainbow	ItaliaDTT	https://picon.cz/download/1646/	core	bundled-catalog-240624
1649	piconpoolrainbow-400x240-czskDTT_by_chocholousek.7z	400x240	poolrainbow	czskDTT	https://picon.cz/download/1649/	core	bundled-catalog-240624
1652	piconpoolrainbow-400x240-freeSAT_by_chocholousek.7z	400x240	poolrainbow	freeSAT	https://picon.cz/download/1652/	core	bundled-catalog-240624
1657	piconpoolrainbow-400x240-skylink_by_chocholousek.7z	400x240	poolrainbow	skylink	https://picon.cz/download/1657/	core	bundled-catalog-240624
1663	piconblack-150x90-0.8W_by_chocholousek.7z	150x90	black	0.8W	https://picon.cz/download/1663/	core	bundled-catalog-240624
1666	piconblack-150x90-1.0W_by_chocholousek.7z	150x90	black	1.0W	https://picon.cz/download/1666/	core	bundled-catalog-240624
1668	piconblack-150x90-1.9E_by_chocholousek.7z	150x90	black	1.9E	https://picon.cz/download/1668/	core	bundled-catalog-240624
1670	piconblack-150x90-3.0E_by_chocholousek.7z	150x90	black	3.0E	https://picon.cz/download/1670/	core	bundled-catalog-240624
1677	piconblack-150x90-4.0W_by_chocholousek.7z	150x90	black	4.0W	https://picon.cz/download/1677/	core	bundled-catalog-240624
1679	piconblack-150x90-4.8E_by_chocholousek.7z	150x90	black	4.8E	https://picon.cz/download/1679/	core	bundled-catalog-240624
1682	piconblack-150x90-4.9E_by_chocholousek.7z	150x90	black	4.9E	https://picon.cz/download/1682/	core	bundled-catalog-240624
1684	piconblack-150x90-5.0W_by_chocholousek.7z	150x90	black	5.0W	https://picon.cz/download/1684/	core	bundled-catalog-240624
1686	piconblack-150x90-7.0E_by_chocholousek.7z	150x90	black	7.0E	https://picon.cz/download/1686/	core	bundled-catalog-240624
1688	piconblack-150x90-7.0W_by_chocholousek.7z	150x90	black	7.0W	https://picon.cz/download/1688/	core	bundled-catalog-240624
1691	piconblack-150x90-8.0W_by_chocholousek.7z	150x90	black	8.0W	https://picon.cz/download/1691/	core	bundled-catalog-240624
1693	piconblack-150x90-9.0E_by_chocholousek.7z	150x90	black	9.0E	https://picon.cz/download/1693/	core	bundled-catalog-240624
1695	piconblack-150x90-10.0E_by_chocholousek.7z	150x90	black	10.0E	https://picon.cz/download/1695/	core	bundled-catalog-240624
1698	piconblack-150x90-GermanyDTT_by_chocholousek.7z	150x90	black	GermanyDTT	https://picon.cz/download/1698/	core	bundled-catalog-240624
1701	piconblack-150x90-FranceDTT_by_chocholousek.7z	150x90	black	FranceDTT	https://picon.cz/download/1701/	core	bundled-catalog-240624
1704	piconblack-150x90-13.0E_by_chocholousek.7z	150x90	black	13.0E	https://picon.cz/download/1704/	core	bundled-catalog-240624
1706	piconblack-150x90-14.0W_by_chocholousek.7z	150x90	black	14.0W	https://picon.cz/download/1706/	core	bundled-catalog-240624
1708	piconblack-150x90-15.0W_by_chocholousek.7z	150x90	black	15.0W	https://picon.cz/download/1708/	core	bundled-catalog-240624
1710	piconblack-150x90-16.0E_by_chocholousek.7z	150x90	black	16.0E	https://picon.cz/download/1710/	core	bundled-catalog-240624
1714	piconblack-150x90-19.2E_by_chocholousek.7z	150x90	black	19.2E	https://picon.cz/download/1714/	core	bundled-catalog-240624
1717	piconblack-150x90-PolandDTT_by_chocholousek.7z	150x90	black	PolandDTT	https://picon.cz/download/1717/	core	bundled-catalog-240624
1719	piconblack-150x90-21.5E_by_chocholousek.7z	150x90	black	21.5E	https://picon.cz/download/1719/	core	bundled-catalog-240624
1721	piconblack-150x90-22.0W_by_chocholousek.7z	150x90	black	22.0W	https://picon.cz/download/1721/	core	bundled-catalog-240624
1723	piconblack-150x90-23.5E_by_chocholousek.7z	150x90	black	23.5E	https://picon.cz/download/1723/	core	bundled-catalog-240624
1725	piconblack-150x90-24.5W_by_chocholousek.7z	150x90	black	24.5W	https://picon.cz/download/1725/	core	bundled-catalog-240624
1728	piconblack-150x90-26.0E_by_chocholousek.7z	150x90	black	26.0E	https://picon.cz/download/1728/	core	bundled-catalog-240624
1730	piconblack-150x90-27.5W_by_chocholousek.7z	150x90	black	27.5W	https://picon.cz/download/1730/	core	bundled-catalog-240624
1732	piconblack-150x90-28.2E_by_chocholousek.7z	150x90	black	28.2E	https://picon.cz/download/1732/	core	bundled-catalog-240624
1735	piconblack-150x90-30.0W_by_chocholousek.7z	150x90	black	30.0W	https://picon.cz/download/1735/	core	bundled-catalog-240624
1738	piconblack-150x90-30.5E_by_chocholousek.7z	150x90	black	30.5E	https://picon.cz/download/1738/	core	bundled-catalog-240624
1741	piconblack-150x90-31.5E_by_chocholousek.7z	150x90	black	31.5E	https://picon.cz/download/1741/	core	bundled-catalog-240624
1743	piconblack-150x90-33.0E_by_chocholousek.7z	150x90	black	33.0E	https://picon.cz/download/1743/	core	bundled-catalog-240624
1746	piconblack-150x90-36.0E_by_chocholousek.7z	150x90	black	36.0E	https://picon.cz/download/1746/	core	bundled-catalog-240624
1749	piconblack-150x90-39.0E_by_chocholousek.7z	150x90	black	39.0E	https://picon.cz/download/1749/	core	bundled-catalog-240624
1752	piconblack-150x90-42.0E_by_chocholousek.7z	150x90	black	42.0E	https://picon.cz/download/1752/	core	bundled-catalog-240624
1755	piconblack-150x90-45.0E_by_chocholousek.7z	150x90	black	45.0E	https://picon.cz/download/1755/	core	bundled-catalog-240624
1760	piconblack-150x90-46.0E_by_chocholousek.7z	150x90	black	46.0E	https://picon.cz/download/1760/	core	bundled-catalog-240624
1762	piconblack-150x90-51.5E_by_chocholousek.7z	150x90	black	51.5E	https://picon.cz/download/1762/	core	bundled-catalog-240624
1764	piconblack-150x90-52.0E_by_chocholousek.7z	150x90	black	52.0E	https://picon.cz/download/1764/	core	bundled-catalog-240624
1766	piconblack-150x90-52.5E_by_chocholousek.7z	150x90	black	52.5E	https://picon.cz/download/1766/	core	bundled-catalog-240624
1768	piconblack-150x90-53.0E_by_chocholousek.7z	150x90	black	53.0E	https://picon.cz/download/1768/	core	bundled-catalog-240624
1771	piconblack-150x90-54.9E_by_chocholousek.7z	150x90	black	54.9E	https://picon.cz/download/1771/	core	bundled-catalog-240624
1774	piconblack-150x90-56.0E_by_chocholousek.7z	150x90	black	56.0E	https://picon.cz/download/1774/	core	bundled-catalog-240624
1776	piconblack-150x90-62.0E_by_chocholousek.7z	150x90	black	62.0E	https://picon.cz/download/1776/	core	bundled-catalog-240624
1778	piconblack-150x90-66.0E_by_chocholousek.7z	150x90	black	66.0E	https://picon.cz/download/1778/	core	bundled-catalog-240624
1781	piconblack-150x90-68.5E_by_chocholousek.7z	150x90	black	68.5E	https://picon.cz/download/1781/	core	bundled-catalog-240624
1783	piconblack-150x90-70.5E_by_chocholousek.7z	150x90	black	70.5E	https://picon.cz/download/1783/	core	bundled-catalog-240624
1788	piconblack-150x90-75.0E_by_chocholousek.7z	150x90	black	75.0E	https://picon.cz/download/1788/	core	bundled-catalog-240624
1790	piconblack-150x90-80.0E_by_chocholousek.7z	150x90	black	80.0E	https://picon.cz/download/1790/	core	bundled-catalog-240624
1794	piconblack-150x90-antiksat_by_chocholousek.7z	150x90	black	antiksat	https://picon.cz/download/1794/	core	bundled-catalog-240624
1796	piconblack-150x90-digiczsk_by_chocholousek.7z	150x90	black	digiczsk	https://picon.cz/download/1796/	core	bundled-catalog-240624
1798	piconblack-150x90-ItaliaDTT_by_chocholousek.7z	150x90	black	ItaliaDTT	https://picon.cz/download/1798/	core	bundled-catalog-240624
1801	piconblack-150x90-czskDTT_by_chocholousek.7z	150x90	black	czskDTT	https://picon.cz/download/1801/	core	bundled-catalog-240624
1804	piconblack-150x90-freeSAT_by_chocholousek.7z	150x90	black	freeSAT	https://picon.cz/download/1804/	core	bundled-catalog-240624
1809	piconblack-150x90-skylink_by_chocholousek.7z	150x90	black	skylink	https://picon.cz/download/1809/	core	bundled-catalog-240624
1813	piconmirrorglass-100x60-0.8W_by_chocholousek.7z	100x60	mirrorglass	0.8W	https://picon.cz/download/1813/	core	bundled-catalog-240624
1816	piconmirrorglass-100x60-1.0W_by_chocholousek.7z	100x60	mirrorglass	1.0W	https://picon.cz/download/1816/	core	bundled-catalog-240624
1821	piconmirrorglass-100x60-1.9E_by_chocholousek.7z	100x60	mirrorglass	1.9E	https://picon.cz/download/1821/	core	bundled-catalog-240624
1824	piconmirrorglass-100x60-3.0E_by_chocholousek.7z	100x60	mirrorglass	3.0E	https://picon.cz/download/1824/	core	bundled-catalog-240624
1831	piconmirrorglass-100x60-4.0W_by_chocholousek.7z	100x60	mirrorglass	4.0W	https://picon.cz/download/1831/	core	bundled-catalog-240624
1834	piconmirrorglass-100x60-4.8E_by_chocholousek.7z	100x60	mirrorglass	4.8E	https://picon.cz/download/1834/	core	bundled-catalog-240624
1837	piconmirrorglass-100x60-4.9E_by_chocholousek.7z	100x60	mirrorglass	4.9E	https://picon.cz/download/1837/	core	bundled-catalog-240624
1839	piconmirrorglass-100x60-5.0W_by_chocholousek.7z	100x60	mirrorglass	5.0W	https://picon.cz/download/1839/	core	bundled-catalog-240624
1842	piconmirrorglass-100x60-7.0E_by_chocholousek.7z	100x60	mirrorglass	7.0E	https://picon.cz/download/1842/	core	bundled-catalog-240624
1844	piconmirrorglass-100x60-7.0W_by_chocholousek.7z	100x60	mirrorglass	7.0W	https://picon.cz/download/1844/	core	bundled-catalog-240624
1846	piconmirrorglass-100x60-8.0W_by_chocholousek.7z	100x60	mirrorglass	8.0W	https://picon.cz/download/1846/	core	bundled-catalog-240624
1849	piconmirrorglass-100x60-9.0E_by_chocholousek.7z	100x60	mirrorglass	9.0E	https://picon.cz/download/1849/	core	bundled-catalog-240624
1851	piconmirrorglass-100x60-10.0E_by_chocholousek.7z	100x60	mirrorglass	10.0E	https://picon.cz/download/1851/	core	bundled-catalog-240624
1853	piconmirrorglass-100x60-GermanyDTT_by_chocholousek.7z	100x60	mirrorglass	GermanyDTT	https://picon.cz/download/1853/	core	bundled-catalog-240624
1855	piconmirrorglass-100x60-FranceDTT_by_chocholousek.7z	100x60	mirrorglass	FranceDTT	https://picon.cz/download/1855/	core	bundled-catalog-240624
1857	piconmirrorglass-100x60-13.0E_by_chocholousek.7z	100x60	mirrorglass	13.0E	https://picon.cz/download/1857/	core	bundled-catalog-240624
1860	piconmirrorglass-100x60-14.0W_by_chocholousek.7z	100x60	mirrorglass	14.0W	https://picon.cz/download/1860/	core	bundled-catalog-240624
1863	piconmirrorglass-100x60-15.0W_by_chocholousek.7z	100x60	mirrorglass	15.0W	https://picon.cz/download/1863/	core	bundled-catalog-240624
1865	piconmirrorglass-100x60-16.0E_by_chocholousek.7z	100x60	mirrorglass	16.0E	https://picon.cz/download/1865/	core	bundled-catalog-240624
1870	piconmirrorglass-100x60-19.2E_by_chocholousek.7z	100x60	mirrorglass	19.2E	https://picon.cz/download/1870/	core	bundled-catalog-240624
1872	piconmirrorglass-100x60-PolandDTT_by_chocholousek.7z	100x60	mirrorglass	PolandDTT	https://picon.cz/download/1872/	core	bundled-catalog-240624
1875	piconmirrorglass-100x60-21.5E_by_chocholousek.7z	100x60	mirrorglass	21.5E	https://picon.cz/download/1875/	core	bundled-catalog-240624
1877	piconmirrorglass-100x60-22.0W_by_chocholousek.7z	100x60	mirrorglass	22.0W	https://picon.cz/download/1877/	core	bundled-catalog-240624
1880	piconmirrorglass-100x60-23.5E_by_chocholousek.7z	100x60	mirrorglass	23.5E	https://picon.cz/download/1880/	core	bundled-catalog-240624
1882	piconmirrorglass-100x60-24.5W_by_chocholousek.7z	100x60	mirrorglass	24.5W	https://picon.cz/download/1882/	core	bundled-catalog-240624
1884	piconmirrorglass-100x60-26.0E_by_chocholousek.7z	100x60	mirrorglass	26.0E	https://picon.cz/download/1884/	core	bundled-catalog-240624
1887	piconmirrorglass-100x60-27.5W_by_chocholousek.7z	100x60	mirrorglass	27.5W	https://picon.cz/download/1887/	core	bundled-catalog-240624
1889	piconmirrorglass-100x60-28.2E_by_chocholousek.7z	100x60	mirrorglass	28.2E	https://picon.cz/download/1889/	core	bundled-catalog-240624
1891	piconmirrorglass-100x60-30.0W_by_chocholousek.7z	100x60	mirrorglass	30.0W	https://picon.cz/download/1891/	core	bundled-catalog-240624
1893	piconmirrorglass-100x60-30.5E_by_chocholousek.7z	100x60	mirrorglass	30.5E	https://picon.cz/download/1893/	core	bundled-catalog-240624
1895	piconmirrorglass-100x60-31.5E_by_chocholousek.7z	100x60	mirrorglass	31.5E	https://picon.cz/download/1895/	core	bundled-catalog-240624
1897	piconmirrorglass-100x60-33.0E_by_chocholousek.7z	100x60	mirrorglass	33.0E	https://picon.cz/download/1897/	core	bundled-catalog-240624
1900	piconmirrorglass-100x60-36.0E_by_chocholousek.7z	100x60	mirrorglass	36.0E	https://picon.cz/download/1900/	core	bundled-catalog-240624
1902	piconmirrorglass-100x60-39.0E_by_chocholousek.7z	100x60	mirrorglass	39.0E	https://picon.cz/download/1902/	core	bundled-catalog-240624
1904	piconmirrorglass-100x60-42.0E_by_chocholousek.7z	100x60	mirrorglass	42.0E	https://picon.cz/download/1904/	core	bundled-catalog-240624
1906	piconmirrorglass-100x60-45.0E_by_chocholousek.7z	100x60	mirrorglass	45.0E	https://picon.cz/download/1906/	core	bundled-catalog-240624
1911	piconmirrorglass-100x60-46.0E_by_chocholousek.7z	100x60	mirrorglass	46.0E	https://picon.cz/download/1911/	core	bundled-catalog-240624
1913	piconmirrorglass-100x60-51.5E_by_chocholousek.7z	100x60	mirrorglass	51.5E	https://picon.cz/download/1913/	core	bundled-catalog-240624
1915	piconmirrorglass-100x60-52.0E_by_chocholousek.7z	100x60	mirrorglass	52.0E	https://picon.cz/download/1915/	core	bundled-catalog-240624
1918	piconmirrorglass-100x60-52.5E_by_chocholousek.7z	100x60	mirrorglass	52.5E	https://picon.cz/download/1918/	core	bundled-catalog-240624
1921	piconmirrorglass-100x60-53.0E_by_chocholousek.7z	100x60	mirrorglass	53.0E	https://picon.cz/download/1921/	core	bundled-catalog-240624
1923	piconmirrorglass-100x60-54.9E_by_chocholousek.7z	100x60	mirrorglass	54.9E	https://picon.cz/download/1923/	core	bundled-catalog-240624
1925	piconmirrorglass-100x60-56.0E_by_chocholousek.7z	100x60	mirrorglass	56.0E	https://picon.cz/download/1925/	core	bundled-catalog-240624
1927	piconmirrorglass-100x60-62.0E_by_chocholousek.7z	100x60	mirrorglass	62.0E	https://picon.cz/download/1927/	core	bundled-catalog-240624
1929	piconmirrorglass-100x60-66.0E_by_chocholousek.7z	100x60	mirrorglass	66.0E	https://picon.cz/download/1929/	core	bundled-catalog-240624
1931	piconmirrorglass-100x60-68.5E_by_chocholousek.7z	100x60	mirrorglass	68.5E	https://picon.cz/download/1931/	core	bundled-catalog-240624
1933	piconmirrorglass-100x60-70.5E_by_chocholousek.7z	100x60	mirrorglass	70.5E	https://picon.cz/download/1933/	core	bundled-catalog-240624
1937	piconmirrorglass-100x60-75.0E_by_chocholousek.7z	100x60	mirrorglass	75.0E	https://picon.cz/download/1937/	core	bundled-catalog-240624
1939	piconmirrorglass-100x60-80.0E_by_chocholousek.7z	100x60	mirrorglass	80.0E	https://picon.cz/download/1939/	core	bundled-catalog-240624
1945	piconmirrorglass-100x60-antiksat_by_chocholousek.7z	100x60	mirrorglass	antiksat	https://picon.cz/download/1945/	core	bundled-catalog-240624
1948	piconmirrorglass-100x60-digiczsk_by_chocholousek.7z	100x60	mirrorglass	digiczsk	https://picon.cz/download/1948/	core	bundled-catalog-240624
1950	piconmirrorglass-100x60-ItaliaDTT_by_chocholousek.7z	100x60	mirrorglass	ItaliaDTT	https://picon.cz/download/1950/	core	bundled-catalog-240624
1952	piconmirrorglass-100x60-czskDTT_by_chocholousek.7z	100x60	mirrorglass	czskDTT	https://picon.cz/download/1952/	core	bundled-catalog-240624
1954	piconmirrorglass-100x60-freeSAT_by_chocholousek.7z	100x60	mirrorglass	freeSAT	https://picon.cz/download/1954/	core	bundled-catalog-240624
1959	piconmirrorglass-100x60-skylink_by_chocholousek.7z	100x60	mirrorglass	skylink	https://picon.cz/download/1959/	core	bundled-catalog-240624
2006	picontransparent-400x240-0.8W_by_chocholousek.7z	400x240	transparent	0.8W	https://picon.cz/download/2006/	core	bundled-catalog-240624
2008	picontransparent-400x240-1.0W_by_chocholousek.7z	400x240	transparent	1.0W	https://picon.cz/download/2008/	core	bundled-catalog-240624
2011	picontransparent-400x240-1.9E_by_chocholousek.7z	400x240	transparent	1.9E	https://picon.cz/download/2011/	core	bundled-catalog-240624
2013	picontransparent-400x240-3.0E_by_chocholousek.7z	400x240	transparent	3.0E	https://picon.cz/download/2013/	core	bundled-catalog-240624
2020	picontransparent-400x240-4.0W_by_chocholousek.7z	400x240	transparent	4.0W	https://picon.cz/download/2020/	core	bundled-catalog-240624
2022	picontransparent-400x240-4.8E_by_chocholousek.7z	400x240	transparent	4.8E	https://picon.cz/download/2022/	core	bundled-catalog-240624
2024	picontransparent-400x240-4.9E_by_chocholousek.7z	400x240	transparent	4.9E	https://picon.cz/download/2024/	core	bundled-catalog-240624
2026	picontransparent-400x240-5.0W_by_chocholousek.7z	400x240	transparent	5.0W	https://picon.cz/download/2026/	core	bundled-catalog-240624
2029	picontransparent-400x240-7.0E_by_chocholousek.7z	400x240	transparent	7.0E	https://picon.cz/download/2029/	core	bundled-catalog-240624
2031	picontransparent-400x240-7.0W_by_chocholousek.7z	400x240	transparent	7.0W	https://picon.cz/download/2031/	core	bundled-catalog-240624
2033	picontransparent-400x240-8.0W_by_chocholousek.7z	400x240	transparent	8.0W	https://picon.cz/download/2033/	core	bundled-catalog-240624
2035	picontransparent-400x240-9.0E_by_chocholousek.7z	400x240	transparent	9.0E	https://picon.cz/download/2035/	core	bundled-catalog-240624
2037	picontransparent-400x240-10.0E_by_chocholousek.7z	400x240	transparent	10.0E	https://picon.cz/download/2037/	core	bundled-catalog-240624
2039	picontransparent-400x240-GermanyDTT_by_chocholousek.7z	400x240	transparent	GermanyDTT	https://picon.cz/download/2039/	core	bundled-catalog-240624
2041	picontransparent-400x240-FranceDTT_by_chocholousek.7z	400x240	transparent	FranceDTT	https://picon.cz/download/2041/	core	bundled-catalog-240624
2043	picontransparent-400x240-13.0E_by_chocholousek.7z	400x240	transparent	13.0E	https://picon.cz/download/2043/	core	bundled-catalog-240624
2045	picontransparent-400x240-14.0W_by_chocholousek.7z	400x240	transparent	14.0W	https://picon.cz/download/2045/	core	bundled-catalog-240624
2048	picontransparent-400x240-15.0W_by_chocholousek.7z	400x240	transparent	15.0W	https://picon.cz/download/2048/	core	bundled-catalog-240624
2050	picontransparent-400x240-16.0E_by_chocholousek.7z	400x240	transparent	16.0E	https://picon.cz/download/2050/	core	bundled-catalog-240624
2054	picontransparent-400x240-19.2E_by_chocholousek.7z	400x240	transparent	19.2E	https://picon.cz/download/2054/	core	bundled-catalog-240624
2057	picontransparent-400x240-PolandDTT_by_chocholousek.7z	400x240	transparent	PolandDTT	https://picon.cz/download/2057/	core	bundled-catalog-240624
2060	picontransparent-400x240-21.5E_by_chocholousek.7z	400x240	transparent	21.5E	https://picon.cz/download/2060/	core	bundled-catalog-240624
2063	picontransparent-400x240-22.0W_by_chocholousek.7z	400x240	transparent	22.0W	https://picon.cz/download/2063/	core	bundled-catalog-240624
2066	picontransparent-400x240-23.5E_by_chocholousek.7z	400x240	transparent	23.5E	https://picon.cz/download/2066/	core	bundled-catalog-240624
2068	picontransparent-400x240-24.5W_by_chocholousek.7z	400x240	transparent	24.5W	https://picon.cz/download/2068/	core	bundled-catalog-240624
2070	picontransparent-400x240-26.0E_by_chocholousek.7z	400x240	transparent	26.0E	https://picon.cz/download/2070/	core	bundled-catalog-240624
2073	picontransparent-400x240-27.5W_by_chocholousek.7z	400x240	transparent	27.5W	https://picon.cz/download/2073/	core	bundled-catalog-240624
2076	picontransparent-400x240-28.2E_by_chocholousek.7z	400x240	transparent	28.2E	https://picon.cz/download/2076/	core	bundled-catalog-240624
2079	picontransparent-400x240-30.0W_by_chocholousek.7z	400x240	transparent	30.0W	https://picon.cz/download/2079/	core	bundled-catalog-240624
2081	picontransparent-400x240-30.5E_by_chocholousek.7z	400x240	transparent	30.5E	https://picon.cz/download/2081/	core	bundled-catalog-240624
2083	picontransparent-400x240-31.5E_by_chocholousek.7z	400x240	transparent	31.5E	https://picon.cz/download/2083/	core	bundled-catalog-240624
2085	picontransparent-400x240-33.0E_by_chocholousek.7z	400x240	transparent	33.0E	https://picon.cz/download/2085/	core	bundled-catalog-240624
2087	picontransparent-400x240-36.0E_by_chocholousek.7z	400x240	transparent	36.0E	https://picon.cz/download/2087/	core	bundled-catalog-240624
2089	picontransparent-400x240-39.0E_by_chocholousek.7z	400x240	transparent	39.0E	https://picon.cz/download/2089/	core	bundled-catalog-240624
2091	picontransparent-400x240-42.0E_by_chocholousek.7z	400x240	transparent	42.0E	https://picon.cz/download/2091/	core	bundled-catalog-240624
2094	picontransparent-400x240-45.0E_by_chocholousek.7z	400x240	transparent	45.0E	https://picon.cz/download/2094/	core	bundled-catalog-240624
2099	picontransparent-400x240-46.0E_by_chocholousek.7z	400x240	transparent	46.0E	https://picon.cz/download/2099/	core	bundled-catalog-240624
2103	picontransparent-400x240-51.5E_by_chocholousek.7z	400x240	transparent	51.5E	https://picon.cz/download/2103/	core	bundled-catalog-240624
2105	picontransparent-400x240-52.0E_by_chocholousek.7z	400x240	transparent	52.0E	https://picon.cz/download/2105/	core	bundled-catalog-240624
2107	picontransparent-400x240-52.5E_by_chocholousek.7z	400x240	transparent	52.5E	https://picon.cz/download/2107/	core	bundled-catalog-240624
2109	picontransparent-400x240-53.0E_by_chocholousek.7z	400x240	transparent	53.0E	https://picon.cz/download/2109/	core	bundled-catalog-240624
2111	picontransparent-400x240-54.9E_by_chocholousek.7z	400x240	transparent	54.9E	https://picon.cz/download/2111/	core	bundled-catalog-240624
2114	picontransparent-400x240-56.0E_by_chocholousek.7z	400x240	transparent	56.0E	https://picon.cz/download/2114/	core	bundled-catalog-240624
2116	picontransparent-400x240-62.0E_by_chocholousek.7z	400x240	transparent	62.0E	https://picon.cz/download/2116/	core	bundled-catalog-240624
2118	picontransparent-400x240-66.0E_by_chocholousek.7z	400x240	transparent	66.0E	https://picon.cz/download/2118/	core	bundled-catalog-240624
2122	picontransparent-400x240-70.5E_by_chocholousek.7z	400x240	transparent	70.5E	https://picon.cz/download/2122/	core	bundled-catalog-240624
2126	picontransparent-400x240-75.0E_by_chocholousek.7z	400x240	transparent	75.0E	https://picon.cz/download/2126/	core	bundled-catalog-240624
2128	picontransparent-400x240-80.0E_by_chocholousek.7z	400x240	transparent	80.0E	https://picon.cz/download/2128/	core	bundled-catalog-240624
2133	picontransparent-400x240-antiksat_by_chocholousek.7z	400x240	transparent	antiksat	https://picon.cz/download/2133/	core	bundled-catalog-240624
2135	picontransparent-400x240-digiczsk_by_chocholousek.7z	400x240	transparent	digiczsk	https://picon.cz/download/2135/	core	bundled-catalog-240624
2137	picontransparent-400x240-ItaliaDTT_by_chocholousek.7z	400x240	transparent	ItaliaDTT	https://picon.cz/download/2137/	core	bundled-catalog-240624
2139	picontransparent-400x240-czskDTT_by_chocholousek.7z	400x240	transparent	czskDTT	https://picon.cz/download/2139/	core	bundled-catalog-240624
2141	picontransparent-400x240-freeSAT_by_chocholousek.7z	400x240	transparent	freeSAT	https://picon.cz/download/2141/	core	bundled-catalog-240624
2146	picontransparent-400x240-skylink_by_chocholousek.7z	400x240	transparent	skylink	https://picon.cz/download/2146/	core	bundled-catalog-240624
2152	piconblack-100x60-0.8W_by_chocholousek.7z	100x60	black	0.8W	https://picon.cz/download/2152/	core	bundled-catalog-240624
2155	piconblack-100x60-1.0W_by_chocholousek.7z	100x60	black	1.0W	https://picon.cz/download/2155/	core	bundled-catalog-240624
2157	piconblack-100x60-1.9E_by_chocholousek.7z	100x60	black	1.9E	https://picon.cz/download/2157/	core	bundled-catalog-240624
2159	piconblack-100x60-3.0E_by_chocholousek.7z	100x60	black	3.0E	https://picon.cz/download/2159/	core	bundled-catalog-240624
2166	piconblack-100x60-4.0W_by_chocholousek.7z	100x60	black	4.0W	https://picon.cz/download/2166/	core	bundled-catalog-240624
2169	piconblack-100x60-4.8E_by_chocholousek.7z	100x60	black	4.8E	https://picon.cz/download/2169/	core	bundled-catalog-240624
2171	piconblack-100x60-4.9E_by_chocholousek.7z	100x60	black	4.9E	https://picon.cz/download/2171/	core	bundled-catalog-240624
2173	piconblack-100x60-5.0W_by_chocholousek.7z	100x60	black	5.0W	https://picon.cz/download/2173/	core	bundled-catalog-240624
2175	piconblack-100x60-7.0E_by_chocholousek.7z	100x60	black	7.0E	https://picon.cz/download/2175/	core	bundled-catalog-240624
2177	piconblack-100x60-7.0W_by_chocholousek.7z	100x60	black	7.0W	https://picon.cz/download/2177/	core	bundled-catalog-240624
2179	piconblack-100x60-8.0W_by_chocholousek.7z	100x60	black	8.0W	https://picon.cz/download/2179/	core	bundled-catalog-240624
2181	piconblack-100x60-9.0E_by_chocholousek.7z	100x60	black	9.0E	https://picon.cz/download/2181/	core	bundled-catalog-240624
2183	piconblack-100x60-10.0E_by_chocholousek.7z	100x60	black	10.0E	https://picon.cz/download/2183/	core	bundled-catalog-240624
2185	piconblack-100x60-GermanyDTT_by_chocholousek.7z	100x60	black	GermanyDTT	https://picon.cz/download/2185/	core	bundled-catalog-240624
2187	piconblack-100x60-FranceDTT_by_chocholousek.7z	100x60	black	FranceDTT	https://picon.cz/download/2187/	core	bundled-catalog-240624
2190	piconblack-100x60-13.0E_by_chocholousek.7z	100x60	black	13.0E	https://picon.cz/download/2190/	core	bundled-catalog-240624
2192	piconblack-100x60-14.0W_by_chocholousek.7z	100x60	black	14.0W	https://picon.cz/download/2192/	core	bundled-catalog-240624
2194	piconblack-100x60-15.0W_by_chocholousek.7z	100x60	black	15.0W	https://picon.cz/download/2194/	core	bundled-catalog-240624
2197	piconblack-100x60-16.0E_by_chocholousek.7z	100x60	black	16.0E	https://picon.cz/download/2197/	core	bundled-catalog-240624
2201	piconblack-100x60-19.2E_by_chocholousek.7z	100x60	black	19.2E	https://picon.cz/download/2201/	core	bundled-catalog-240624
2204	piconblack-100x60-PolandDTT_by_chocholousek.7z	100x60	black	PolandDTT	https://picon.cz/download/2204/	core	bundled-catalog-240624
2206	piconblack-100x60-21.5E_by_chocholousek.7z	100x60	black	21.5E	https://picon.cz/download/2206/	core	bundled-catalog-240624
2208	piconblack-100x60-22.0W_by_chocholousek.7z	100x60	black	22.0W	https://picon.cz/download/2208/	core	bundled-catalog-240624
2210	piconblack-100x60-23.5E_by_chocholousek.7z	100x60	black	23.5E	https://picon.cz/download/2210/	core	bundled-catalog-240624
2213	piconblack-100x60-24.5W_by_chocholousek.7z	100x60	black	24.5W	https://picon.cz/download/2213/	core	bundled-catalog-240624
2215	piconblack-100x60-26.0E_by_chocholousek.7z	100x60	black	26.0E	https://picon.cz/download/2215/	core	bundled-catalog-240624
2218	piconblack-100x60-27.5W_by_chocholousek.7z	100x60	black	27.5W	https://picon.cz/download/2218/	core	bundled-catalog-240624
2221	piconblack-100x60-28.2E_by_chocholousek.7z	100x60	black	28.2E	https://picon.cz/download/2221/	core	bundled-catalog-240624
2224	piconblack-100x60-30.0W_by_chocholousek.7z	100x60	black	30.0W	https://picon.cz/download/2224/	core	bundled-catalog-240624
2227	piconblack-100x60-30.5E_by_chocholousek.7z	100x60	black	30.5E	https://picon.cz/download/2227/	core	bundled-catalog-240624
2229	piconblack-100x60-31.5E_by_chocholousek.7z	100x60	black	31.5E	https://picon.cz/download/2229/	core	bundled-catalog-240624
2232	piconblack-100x60-33.0E_by_chocholousek.7z	100x60	black	33.0E	https://picon.cz/download/2232/	core	bundled-catalog-240624
2235	piconblack-100x60-36.0E_by_chocholousek.7z	100x60	black	36.0E	https://picon.cz/download/2235/	core	bundled-catalog-240624
2238	piconblack-100x60-39.0E_by_chocholousek.7z	100x60	black	39.0E	https://picon.cz/download/2238/	core	bundled-catalog-240624
2242	piconblack-100x60-42.0E_by_chocholousek.7z	100x60	black	42.0E	https://picon.cz/download/2242/	core	bundled-catalog-240624
2244	piconblack-100x60-45.0E_by_chocholousek.7z	100x60	black	45.0E	https://picon.cz/download/2244/	core	bundled-catalog-240624
2249	piconblack-100x60-46.0E_by_chocholousek.7z	100x60	black	46.0E	https://picon.cz/download/2249/	core	bundled-catalog-240624
2252	piconblack-100x60-51.5E_by_chocholousek.7z	100x60	black	51.5E	https://picon.cz/download/2252/	core	bundled-catalog-240624
2254	piconblack-100x60-52.0E_by_chocholousek.7z	100x60	black	52.0E	https://picon.cz/download/2254/	core	bundled-catalog-240624
2257	piconblack-100x60-52.5E_by_chocholousek.7z	100x60	black	52.5E	https://picon.cz/download/2257/	core	bundled-catalog-240624
2259	piconblack-100x60-53.0E_by_chocholousek.7z	100x60	black	53.0E	https://picon.cz/download/2259/	core	bundled-catalog-240624
2262	piconblack-100x60-54.9E_by_chocholousek.7z	100x60	black	54.9E	https://picon.cz/download/2262/	core	bundled-catalog-240624
2264	piconblack-100x60-56.0E_by_chocholousek.7z	100x60	black	56.0E	https://picon.cz/download/2264/	core	bundled-catalog-240624
2266	piconblack-100x60-62.0E_by_chocholousek.7z	100x60	black	62.0E	https://picon.cz/download/2266/	core	bundled-catalog-240624
2269	piconblack-100x60-66.0E_by_chocholousek.7z	100x60	black	66.0E	https://picon.cz/download/2269/	core	bundled-catalog-240624
2272	piconblack-100x60-68.5E_by_chocholousek.7z	100x60	black	68.5E	https://picon.cz/download/2272/	core	bundled-catalog-240624
2275	piconblack-100x60-70.5E_by_chocholousek.7z	100x60	black	70.5E	https://picon.cz/download/2275/	core	bundled-catalog-240624
2279	piconblack-100x60-75.0E_by_chocholousek.7z	100x60	black	75.0E	https://picon.cz/download/2279/	core	bundled-catalog-240624
2281	piconblack-100x60-80.0E_by_chocholousek.7z	100x60	black	80.0E	https://picon.cz/download/2281/	core	bundled-catalog-240624
2285	piconblack-100x60-antiksat_by_chocholousek.7z	100x60	black	antiksat	https://picon.cz/download/2285/	core	bundled-catalog-240624
2287	piconblack-100x60-digiczsk_by_chocholousek.7z	100x60	black	digiczsk	https://picon.cz/download/2287/	core	bundled-catalog-240624
2289	piconblack-100x60-ItaliaDTT_by_chocholousek.7z	100x60	black	ItaliaDTT	https://picon.cz/download/2289/	core	bundled-catalog-240624
2292	piconblack-100x60-czskDTT_by_chocholousek.7z	100x60	black	czskDTT	https://picon.cz/download/2292/	core	bundled-catalog-240624
2295	piconblack-100x60-freeSAT_by_chocholousek.7z	100x60	black	freeSAT	https://picon.cz/download/2295/	core	bundled-catalog-240624
2299	piconblack-100x60-skylink_by_chocholousek.7z	100x60	black	skylink	https://picon.cz/download/2299/	core	bundled-catalog-240624
2349	piconpoolrainbow-220x132-0.8W_by_chocholousek.7z	220x132	poolrainbow	0.8W	https://picon.cz/download/2349/	core	bundled-catalog-240624
2352	piconpoolrainbow-220x132-1.0W_by_chocholousek.7z	220x132	poolrainbow	1.0W	https://picon.cz/download/2352/	core	bundled-catalog-240624
2354	piconpoolrainbow-220x132-1.9E_by_chocholousek.7z	220x132	poolrainbow	1.9E	https://picon.cz/download/2354/	core	bundled-catalog-240624
2357	piconpoolrainbow-220x132-3.0E_by_chocholousek.7z	220x132	poolrainbow	3.0E	https://picon.cz/download/2357/	core	bundled-catalog-240624
2364	piconpoolrainbow-220x132-4.0W_by_chocholousek.7z	220x132	poolrainbow	4.0W	https://picon.cz/download/2364/	core	bundled-catalog-240624
2367	piconpoolrainbow-220x132-4.8E_by_chocholousek.7z	220x132	poolrainbow	4.8E	https://picon.cz/download/2367/	core	bundled-catalog-240624
2369	piconpoolrainbow-220x132-4.9E_by_chocholousek.7z	220x132	poolrainbow	4.9E	https://picon.cz/download/2369/	core	bundled-catalog-240624
2371	piconpoolrainbow-220x132-5.0W_by_chocholousek.7z	220x132	poolrainbow	5.0W	https://picon.cz/download/2371/	core	bundled-catalog-240624
2374	piconpoolrainbow-220x132-7.0E_by_chocholousek.7z	220x132	poolrainbow	7.0E	https://picon.cz/download/2374/	core	bundled-catalog-240624
2376	piconpoolrainbow-220x132-7.0W_by_chocholousek.7z	220x132	poolrainbow	7.0W	https://picon.cz/download/2376/	core	bundled-catalog-240624
2378	piconpoolrainbow-220x132-8.0W_by_chocholousek.7z	220x132	poolrainbow	8.0W	https://picon.cz/download/2378/	core	bundled-catalog-240624
2380	piconpoolrainbow-220x132-9.0E_by_chocholousek.7z	220x132	poolrainbow	9.0E	https://picon.cz/download/2380/	core	bundled-catalog-240624
2383	piconpoolrainbow-220x132-10.0E_by_chocholousek.7z	220x132	poolrainbow	10.0E	https://picon.cz/download/2383/	core	bundled-catalog-240624
2386	piconpoolrainbow-220x132-GermanyDTT_by_chocholousek.7z	220x132	poolrainbow	GermanyDTT	https://picon.cz/download/2386/	core	bundled-catalog-240624
2388	piconpoolrainbow-220x132-FranceDTT_by_chocholousek.7z	220x132	poolrainbow	FranceDTT	https://picon.cz/download/2388/	core	bundled-catalog-240624
2390	piconpoolrainbow-220x132-13.0E_by_chocholousek.7z	220x132	poolrainbow	13.0E	https://picon.cz/download/2390/	core	bundled-catalog-240624
2392	piconpoolrainbow-220x132-14.0W_by_chocholousek.7z	220x132	poolrainbow	14.0W	https://picon.cz/download/2392/	core	bundled-catalog-240624
2394	piconpoolrainbow-220x132-15.0W_by_chocholousek.7z	220x132	poolrainbow	15.0W	https://picon.cz/download/2394/	core	bundled-catalog-240624
2397	piconpoolrainbow-220x132-16.0E_by_chocholousek.7z	220x132	poolrainbow	16.0E	https://picon.cz/download/2397/	core	bundled-catalog-240624
2401	piconpoolrainbow-220x132-19.2E_by_chocholousek.7z	220x132	poolrainbow	19.2E	https://picon.cz/download/2401/	core	bundled-catalog-240624
2403	piconpoolrainbow-220x132-PolandDTT_by_chocholousek.7z	220x132	poolrainbow	PolandDTT	https://picon.cz/download/2403/	core	bundled-catalog-240624
2405	piconpoolrainbow-220x132-21.5E_by_chocholousek.7z	220x132	poolrainbow	21.5E	https://picon.cz/download/2405/	core	bundled-catalog-240624
2408	piconpoolrainbow-220x132-22.0W_by_chocholousek.7z	220x132	poolrainbow	22.0W	https://picon.cz/download/2408/	core	bundled-catalog-240624
2410	piconpoolrainbow-220x132-23.5E_by_chocholousek.7z	220x132	poolrainbow	23.5E	https://picon.cz/download/2410/	core	bundled-catalog-240624
2412	piconpoolrainbow-220x132-24.5W_by_chocholousek.7z	220x132	poolrainbow	24.5W	https://picon.cz/download/2412/	core	bundled-catalog-240624
2414	piconpoolrainbow-220x132-26.0E_by_chocholousek.7z	220x132	poolrainbow	26.0E	https://picon.cz/download/2414/	core	bundled-catalog-240624
2417	piconpoolrainbow-220x132-27.5W_by_chocholousek.7z	220x132	poolrainbow	27.5W	https://picon.cz/download/2417/	core	bundled-catalog-240624
2420	piconpoolrainbow-220x132-28.2E_by_chocholousek.7z	220x132	poolrainbow	28.2E	https://picon.cz/download/2420/	core	bundled-catalog-240624
2422	piconpoolrainbow-220x132-30.0W_by_chocholousek.7z	220x132	poolrainbow	30.0W	https://picon.cz/download/2422/	core	bundled-catalog-240624
2425	piconpoolrainbow-220x132-30.5E_by_chocholousek.7z	220x132	poolrainbow	30.5E	https://picon.cz/download/2425/	core	bundled-catalog-240624
2428	piconpoolrainbow-220x132-31.5E_by_chocholousek.7z	220x132	poolrainbow	31.5E	https://picon.cz/download/2428/	core	bundled-catalog-240624
2430	piconpoolrainbow-220x132-33.0E_by_chocholousek.7z	220x132	poolrainbow	33.0E	https://picon.cz/download/2430/	core	bundled-catalog-240624
2432	piconpoolrainbow-220x132-36.0E_by_chocholousek.7z	220x132	poolrainbow	36.0E	https://picon.cz/download/2432/	core	bundled-catalog-240624
2435	piconpoolrainbow-220x132-39.0E_by_chocholousek.7z	220x132	poolrainbow	39.0E	https://picon.cz/download/2435/	core	bundled-catalog-240624
2437	piconpoolrainbow-220x132-42.0E_by_chocholousek.7z	220x132	poolrainbow	42.0E	https://picon.cz/download/2437/	core	bundled-catalog-240624
2440	piconpoolrainbow-220x132-45.0E_by_chocholousek.7z	220x132	poolrainbow	45.0E	https://picon.cz/download/2440/	core	bundled-catalog-240624
2446	piconpoolrainbow-220x132-46.0E_by_chocholousek.7z	220x132	poolrainbow	46.0E	https://picon.cz/download/2446/	core	bundled-catalog-240624
2449	piconpoolrainbow-220x132-51.5E_by_chocholousek.7z	220x132	poolrainbow	51.5E	https://picon.cz/download/2449/	core	bundled-catalog-240624
2452	piconpoolrainbow-220x132-52.0E_by_chocholousek.7z	220x132	poolrainbow	52.0E	https://picon.cz/download/2452/	core	bundled-catalog-240624
2454	piconpoolrainbow-220x132-52.5E_by_chocholousek.7z	220x132	poolrainbow	52.5E	https://picon.cz/download/2454/	core	bundled-catalog-240624
2456	piconpoolrainbow-220x132-53.0E_by_chocholousek.7z	220x132	poolrainbow	53.0E	https://picon.cz/download/2456/	core	bundled-catalog-240624
2458	piconpoolrainbow-220x132-54.9E_by_chocholousek.7z	220x132	poolrainbow	54.9E	https://picon.cz/download/2458/	core	bundled-catalog-240624
2461	piconpoolrainbow-220x132-56.0E_by_chocholousek.7z	220x132	poolrainbow	56.0E	https://picon.cz/download/2461/	core	bundled-catalog-240624
2464	piconpoolrainbow-220x132-62.0E_by_chocholousek.7z	220x132	poolrainbow	62.0E	https://picon.cz/download/2464/	core	bundled-catalog-240624
2467	piconpoolrainbow-220x132-66.0E_by_chocholousek.7z	220x132	poolrainbow	66.0E	https://picon.cz/download/2467/	core	bundled-catalog-240624
2469	piconpoolrainbow-220x132-68.5E_by_chocholousek.7z	220x132	poolrainbow	68.5E	https://picon.cz/download/2469/	core	bundled-catalog-240624
2471	piconpoolrainbow-220x132-70.5E_by_chocholousek.7z	220x132	poolrainbow	70.5E	https://picon.cz/download/2471/	core	bundled-catalog-240624
2475	piconpoolrainbow-220x132-75.0E_by_chocholousek.7z	220x132	poolrainbow	75.0E	https://picon.cz/download/2475/	core	bundled-catalog-240624
2477	piconpoolrainbow-220x132-80.0E_by_chocholousek.7z	220x132	poolrainbow	80.0E	https://picon.cz/download/2477/	core	bundled-catalog-240624
2482	piconpoolrainbow-220x132-antiksat_by_chocholousek.7z	220x132	poolrainbow	antiksat	https://picon.cz/download/2482/	core	bundled-catalog-240624
2484	piconpoolrainbow-220x132-digiczsk_by_chocholousek.7z	220x132	poolrainbow	digiczsk	https://picon.cz/download/2484/	core	bundled-catalog-240624
2486	piconpoolrainbow-220x132-ItaliaDTT_by_chocholousek.7z	220x132	poolrainbow	ItaliaDTT	https://picon.cz/download/2486/	core	bundled-catalog-240624
2488	piconpoolrainbow-220x132-czskDTT_by_chocholousek.7z	220x132	poolrainbow	czskDTT	https://picon.cz/download/2488/	core	bundled-catalog-240624
2490	piconpoolrainbow-220x132-freeSAT_by_chocholousek.7z	220x132	poolrainbow	freeSAT	https://picon.cz/download/2490/	core	bundled-catalog-240624
2495	piconpoolrainbow-220x132-skylink_by_chocholousek.7z	220x132	poolrainbow	skylink	https://picon.cz/download/2495/	core	bundled-catalog-240624
2499	piconsrhd-400x240-0.8W_by_chocholousek.7z	400x240	srhd	0.8W	https://picon.cz/download/2499/	core	bundled-catalog-240624
2501	piconsrhd-400x240-1.0W_by_chocholousek.7z	400x240	srhd	1.0W	https://picon.cz/download/2501/	core	bundled-catalog-240624
2504	piconsrhd-400x240-1.9E_by_chocholousek.7z	400x240	srhd	1.9E	https://picon.cz/download/2504/	core	bundled-catalog-240624
2506	piconsrhd-400x240-3.0E_by_chocholousek.7z	400x240	srhd	3.0E	https://picon.cz/download/2506/	core	bundled-catalog-240624
2512	piconsrhd-400x240-4.0W_by_chocholousek.7z	400x240	srhd	4.0W	https://picon.cz/download/2512/	core	bundled-catalog-240624
2515	piconsrhd-400x240-4.8E_by_chocholousek.7z	400x240	srhd	4.8E	https://picon.cz/download/2515/	core	bundled-catalog-240624
2517	piconsrhd-400x240-4.9E_by_chocholousek.7z	400x240	srhd	4.9E	https://picon.cz/download/2517/	core	bundled-catalog-240624
2519	piconsrhd-400x240-5.0W_by_chocholousek.7z	400x240	srhd	5.0W	https://picon.cz/download/2519/	core	bundled-catalog-240624
2522	piconsrhd-400x240-7.0E_by_chocholousek.7z	400x240	srhd	7.0E	https://picon.cz/download/2522/	core	bundled-catalog-240624
2524	piconsrhd-400x240-7.0W_by_chocholousek.7z	400x240	srhd	7.0W	https://picon.cz/download/2524/	core	bundled-catalog-240624
2527	piconsrhd-400x240-8.0W_by_chocholousek.7z	400x240	srhd	8.0W	https://picon.cz/download/2527/	core	bundled-catalog-240624
2529	piconsrhd-400x240-9.0E_by_chocholousek.7z	400x240	srhd	9.0E	https://picon.cz/download/2529/	core	bundled-catalog-240624
2531	piconsrhd-400x240-10.0E_by_chocholousek.7z	400x240	srhd	10.0E	https://picon.cz/download/2531/	core	bundled-catalog-240624
2533	piconsrhd-400x240-GermanyDTT_by_chocholousek.7z	400x240	srhd	GermanyDTT	https://picon.cz/download/2533/	core	bundled-catalog-240624
2535	piconsrhd-400x240-FranceDTT_by_chocholousek.7z	400x240	srhd	FranceDTT	https://picon.cz/download/2535/	core	bundled-catalog-240624
2537	piconsrhd-400x240-13.0E_by_chocholousek.7z	400x240	srhd	13.0E	https://picon.cz/download/2537/	core	bundled-catalog-240624
2539	piconsrhd-400x240-14.0W_by_chocholousek.7z	400x240	srhd	14.0W	https://picon.cz/download/2539/	core	bundled-catalog-240624
2542	piconsrhd-400x240-15.0W_by_chocholousek.7z	400x240	srhd	15.0W	https://picon.cz/download/2542/	core	bundled-catalog-240624
2545	piconsrhd-400x240-16.0E_by_chocholousek.7z	400x240	srhd	16.0E	https://picon.cz/download/2545/	core	bundled-catalog-240624
2549	piconsrhd-400x240-19.2E_by_chocholousek.7z	400x240	srhd	19.2E	https://picon.cz/download/2549/	core	bundled-catalog-240624
2551	piconsrhd-400x240-PolandDTT_by_chocholousek.7z	400x240	srhd	PolandDTT	https://picon.cz/download/2551/	core	bundled-catalog-240624
2553	piconsrhd-400x240-21.5E_by_chocholousek.7z	400x240	srhd	21.5E	https://picon.cz/download/2553/	core	bundled-catalog-240624
2555	piconsrhd-400x240-22.0W_by_chocholousek.7z	400x240	srhd	22.0W	https://picon.cz/download/2555/	core	bundled-catalog-240624
2557	piconsrhd-400x240-23.5E_by_chocholousek.7z	400x240	srhd	23.5E	https://picon.cz/download/2557/	core	bundled-catalog-240624
2560	piconsrhd-400x240-24.5W_by_chocholousek.7z	400x240	srhd	24.5W	https://picon.cz/download/2560/	core	bundled-catalog-240624
2562	piconsrhd-400x240-26.0E_by_chocholousek.7z	400x240	srhd	26.0E	https://picon.cz/download/2562/	core	bundled-catalog-240624
2564	piconsrhd-400x240-27.5W_by_chocholousek.7z	400x240	srhd	27.5W	https://picon.cz/download/2564/	core	bundled-catalog-240624
2566	piconsrhd-400x240-28.2E_by_chocholousek.7z	400x240	srhd	28.2E	https://picon.cz/download/2566/	core	bundled-catalog-240624
2569	piconsrhd-400x240-30.0W_by_chocholousek.7z	400x240	srhd	30.0W	https://picon.cz/download/2569/	core	bundled-catalog-240624
2571	piconsrhd-400x240-30.5E_by_chocholousek.7z	400x240	srhd	30.5E	https://picon.cz/download/2571/	core	bundled-catalog-240624
2573	piconsrhd-400x240-31.5E_by_chocholousek.7z	400x240	srhd	31.5E	https://picon.cz/download/2573/	core	bundled-catalog-240624
2575	piconsrhd-400x240-33.0E_by_chocholousek.7z	400x240	srhd	33.0E	https://picon.cz/download/2575/	core	bundled-catalog-240624
2577	piconsrhd-400x240-36.0E_by_chocholousek.7z	400x240	srhd	36.0E	https://picon.cz/download/2577/	core	bundled-catalog-240624
2579	piconsrhd-400x240-39.0E_by_chocholousek.7z	400x240	srhd	39.0E	https://picon.cz/download/2579/	core	bundled-catalog-240624
2582	piconsrhd-400x240-42.0E_by_chocholousek.7z	400x240	srhd	42.0E	https://picon.cz/download/2582/	core	bundled-catalog-240624
2584	piconsrhd-400x240-45.0E_by_chocholousek.7z	400x240	srhd	45.0E	https://picon.cz/download/2584/	core	bundled-catalog-240624
2589	piconsrhd-400x240-46.0E_by_chocholousek.7z	400x240	srhd	46.0E	https://picon.cz/download/2589/	core	bundled-catalog-240624
2591	piconsrhd-400x240-51.5E_by_chocholousek.7z	400x240	srhd	51.5E	https://picon.cz/download/2591/	core	bundled-catalog-240624
2593	piconsrhd-400x240-52.0E_by_chocholousek.7z	400x240	srhd	52.0E	https://picon.cz/download/2593/	core	bundled-catalog-240624
2596	piconsrhd-400x240-52.5E_by_chocholousek.7z	400x240	srhd	52.5E	https://picon.cz/download/2596/	core	bundled-catalog-240624
2599	piconsrhd-400x240-53.0E_by_chocholousek.7z	400x240	srhd	53.0E	https://picon.cz/download/2599/	core	bundled-catalog-240624
2601	piconsrhd-400x240-54.9E_by_chocholousek.7z	400x240	srhd	54.9E	https://picon.cz/download/2601/	core	bundled-catalog-240624
2603	piconsrhd-400x240-56.0E_by_chocholousek.7z	400x240	srhd	56.0E	https://picon.cz/download/2603/	core	bundled-catalog-240624
2605	piconsrhd-400x240-62.0E_by_chocholousek.7z	400x240	srhd	62.0E	https://picon.cz/download/2605/	core	bundled-catalog-240624
2607	piconsrhd-400x240-66.0E_by_chocholousek.7z	400x240	srhd	66.0E	https://picon.cz/download/2607/	core	bundled-catalog-240624
2609	piconsrhd-400x240-68.5E_by_chocholousek.7z	400x240	srhd	68.5E	https://picon.cz/download/2609/	core	bundled-catalog-240624
2612	piconsrhd-400x240-70.5E_by_chocholousek.7z	400x240	srhd	70.5E	https://picon.cz/download/2612/	core	bundled-catalog-240624
2617	piconsrhd-400x240-75.0E_by_chocholousek.7z	400x240	srhd	75.0E	https://picon.cz/download/2617/	core	bundled-catalog-240624
2619	piconsrhd-400x240-80.0E_by_chocholousek.7z	400x240	srhd	80.0E	https://picon.cz/download/2619/	core	bundled-catalog-240624
2625	piconsrhd-400x240-antiksat_by_chocholousek.7z	400x240	srhd	antiksat	https://picon.cz/download/2625/	core	bundled-catalog-240624
2627	piconsrhd-400x240-digiczsk_by_chocholousek.7z	400x240	srhd	digiczsk	https://picon.cz/download/2627/	core	bundled-catalog-240624
2630	piconsrhd-400x240-ItaliaDTT_by_chocholousek.7z	400x240	srhd	ItaliaDTT	https://picon.cz/download/2630/	core	bundled-catalog-240624
2632	piconsrhd-400x240-czskDTT_by_chocholousek.7z	400x240	srhd	czskDTT	https://picon.cz/download/2632/	core	bundled-catalog-240624
2635	piconsrhd-400x240-freeSAT_by_chocholousek.7z	400x240	srhd	freeSAT	https://picon.cz/download/2635/	core	bundled-catalog-240624
2639	piconsrhd-400x240-skylink_by_chocholousek.7z	400x240	srhd	skylink	https://picon.cz/download/2639/	core	bundled-catalog-240624
2792	piconpoolrainbow-100x60-0.8W_by_chocholousek.7z	100x60	poolrainbow	0.8W	https://picon.cz/download/2792/	core	bundled-catalog-240624
2794	piconpoolrainbow-100x60-1.0W_by_chocholousek.7z	100x60	poolrainbow	1.0W	https://picon.cz/download/2794/	core	bundled-catalog-240624
2796	piconpoolrainbow-100x60-1.9E_by_chocholousek.7z	100x60	poolrainbow	1.9E	https://picon.cz/download/2796/	core	bundled-catalog-240624
2798	piconpoolrainbow-100x60-3.0E_by_chocholousek.7z	100x60	poolrainbow	3.0E	https://picon.cz/download/2798/	core	bundled-catalog-240624
2804	piconpoolrainbow-100x60-4.0W_by_chocholousek.7z	100x60	poolrainbow	4.0W	https://picon.cz/download/2804/	core	bundled-catalog-240624
2806	piconpoolrainbow-100x60-4.8E_by_chocholousek.7z	100x60	poolrainbow	4.8E	https://picon.cz/download/2806/	core	bundled-catalog-240624
2808	piconpoolrainbow-100x60-4.9E_by_chocholousek.7z	100x60	poolrainbow	4.9E	https://picon.cz/download/2808/	core	bundled-catalog-240624
2810	piconpoolrainbow-100x60-5.0W_by_chocholousek.7z	100x60	poolrainbow	5.0W	https://picon.cz/download/2810/	core	bundled-catalog-240624
2812	piconpoolrainbow-100x60-7.0E_by_chocholousek.7z	100x60	poolrainbow	7.0E	https://picon.cz/download/2812/	core	bundled-catalog-240624
2814	piconpoolrainbow-100x60-7.0W_by_chocholousek.7z	100x60	poolrainbow	7.0W	https://picon.cz/download/2814/	core	bundled-catalog-240624
2816	piconpoolrainbow-100x60-8.0W_by_chocholousek.7z	100x60	poolrainbow	8.0W	https://picon.cz/download/2816/	core	bundled-catalog-240624
2818	piconpoolrainbow-100x60-9.0E_by_chocholousek.7z	100x60	poolrainbow	9.0E	https://picon.cz/download/2818/	core	bundled-catalog-240624
2820	piconpoolrainbow-100x60-10.0E_by_chocholousek.7z	100x60	poolrainbow	10.0E	https://picon.cz/download/2820/	core	bundled-catalog-240624
2822	piconpoolrainbow-100x60-GermanyDTT_by_chocholousek.7z	100x60	poolrainbow	GermanyDTT	https://picon.cz/download/2822/	core	bundled-catalog-240624
2824	piconpoolrainbow-100x60-FranceDTT_by_chocholousek.7z	100x60	poolrainbow	FranceDTT	https://picon.cz/download/2824/	core	bundled-catalog-240624
2826	piconpoolrainbow-100x60-13.0E_by_chocholousek.7z	100x60	poolrainbow	13.0E	https://picon.cz/download/2826/	core	bundled-catalog-240624
2828	piconpoolrainbow-100x60-14.0W_by_chocholousek.7z	100x60	poolrainbow	14.0W	https://picon.cz/download/2828/	core	bundled-catalog-240624
2830	piconpoolrainbow-100x60-15.0W_by_chocholousek.7z	100x60	poolrainbow	15.0W	https://picon.cz/download/2830/	core	bundled-catalog-240624
2832	piconpoolrainbow-100x60-16.0E_by_chocholousek.7z	100x60	poolrainbow	16.0E	https://picon.cz/download/2832/	core	bundled-catalog-240624
2836	piconpoolrainbow-100x60-19.2E_by_chocholousek.7z	100x60	poolrainbow	19.2E	https://picon.cz/download/2836/	core	bundled-catalog-240624
2838	piconpoolrainbow-100x60-PolandDTT_by_chocholousek.7z	100x60	poolrainbow	PolandDTT	https://picon.cz/download/2838/	core	bundled-catalog-240624
2840	piconpoolrainbow-100x60-21.5E_by_chocholousek.7z	100x60	poolrainbow	21.5E	https://picon.cz/download/2840/	core	bundled-catalog-240624
2842	piconpoolrainbow-100x60-22.0W_by_chocholousek.7z	100x60	poolrainbow	22.0W	https://picon.cz/download/2842/	core	bundled-catalog-240624
2844	piconpoolrainbow-100x60-23.5E_by_chocholousek.7z	100x60	poolrainbow	23.5E	https://picon.cz/download/2844/	core	bundled-catalog-240624
2846	piconpoolrainbow-100x60-24.5W_by_chocholousek.7z	100x60	poolrainbow	24.5W	https://picon.cz/download/2846/	core	bundled-catalog-240624
2848	piconpoolrainbow-100x60-26.0E_by_chocholousek.7z	100x60	poolrainbow	26.0E	https://picon.cz/download/2848/	core	bundled-catalog-240624
2850	piconpoolrainbow-100x60-27.5W_by_chocholousek.7z	100x60	poolrainbow	27.5W	https://picon.cz/download/2850/	core	bundled-catalog-240624
2852	piconpoolrainbow-100x60-28.2E_by_chocholousek.7z	100x60	poolrainbow	28.2E	https://picon.cz/download/2852/	core	bundled-catalog-240624
2854	piconpoolrainbow-100x60-30.0W_by_chocholousek.7z	100x60	poolrainbow	30.0W	https://picon.cz/download/2854/	core	bundled-catalog-240624
2856	piconpoolrainbow-100x60-30.5E_by_chocholousek.7z	100x60	poolrainbow	30.5E	https://picon.cz/download/2856/	core	bundled-catalog-240624
2858	piconpoolrainbow-100x60-31.5E_by_chocholousek.7z	100x60	poolrainbow	31.5E	https://picon.cz/download/2858/	core	bundled-catalog-240624
2860	piconpoolrainbow-100x60-33.0E_by_chocholousek.7z	100x60	poolrainbow	33.0E	https://picon.cz/download/2860/	core	bundled-catalog-240624
2862	piconpoolrainbow-100x60-36.0E_by_chocholousek.7z	100x60	poolrainbow	36.0E	https://picon.cz/download/2862/	core	bundled-catalog-240624
2864	piconpoolrainbow-100x60-39.0E_by_chocholousek.7z	100x60	poolrainbow	39.0E	https://picon.cz/download/2864/	core	bundled-catalog-240624
2866	piconpoolrainbow-100x60-42.0E_by_chocholousek.7z	100x60	poolrainbow	42.0E	https://picon.cz/download/2866/	core	bundled-catalog-240624
2868	piconpoolrainbow-100x60-45.0E_by_chocholousek.7z	100x60	poolrainbow	45.0E	https://picon.cz/download/2868/	core	bundled-catalog-240624
2872	piconpoolrainbow-100x60-46.0E_by_chocholousek.7z	100x60	poolrainbow	46.0E	https://picon.cz/download/2872/	core	bundled-catalog-240624
2874	piconpoolrainbow-100x60-51.5E_by_chocholousek.7z	100x60	poolrainbow	51.5E	https://picon.cz/download/2874/	core	bundled-catalog-240624
2876	piconpoolrainbow-100x60-52.0E_by_chocholousek.7z	100x60	poolrainbow	52.0E	https://picon.cz/download/2876/	core	bundled-catalog-240624
2878	piconpoolrainbow-100x60-52.5E_by_chocholousek.7z	100x60	poolrainbow	52.5E	https://picon.cz/download/2878/	core	bundled-catalog-240624
2880	piconpoolrainbow-100x60-53.0E_by_chocholousek.7z	100x60	poolrainbow	53.0E	https://picon.cz/download/2880/	core	bundled-catalog-240624
2882	piconpoolrainbow-100x60-54.9E_by_chocholousek.7z	100x60	poolrainbow	54.9E	https://picon.cz/download/2882/	core	bundled-catalog-240624
2884	piconpoolrainbow-100x60-56.0E_by_chocholousek.7z	100x60	poolrainbow	56.0E	https://picon.cz/download/2884/	core	bundled-catalog-240624
2886	piconpoolrainbow-100x60-62.0E_by_chocholousek.7z	100x60	poolrainbow	62.0E	https://picon.cz/download/2886/	core	bundled-catalog-240624
2888	piconpoolrainbow-100x60-66.0E_by_chocholousek.7z	100x60	poolrainbow	66.0E	https://picon.cz/download/2888/	core	bundled-catalog-240624
2890	piconpoolrainbow-100x60-68.5E_by_chocholousek.7z	100x60	poolrainbow	68.5E	https://picon.cz/download/2890/	core	bundled-catalog-240624
2892	piconpoolrainbow-100x60-70.5E_by_chocholousek.7z	100x60	poolrainbow	70.5E	https://picon.cz/download/2892/	core	bundled-catalog-240624
2896	piconpoolrainbow-100x60-75.0E_by_chocholousek.7z	100x60	poolrainbow	75.0E	https://picon.cz/download/2896/	core	bundled-catalog-240624
2898	piconpoolrainbow-100x60-80.0E_by_chocholousek.7z	100x60	poolrainbow	80.0E	https://picon.cz/download/2898/	core	bundled-catalog-240624
2902	piconpoolrainbow-100x60-antiksat_by_chocholousek.7z	100x60	poolrainbow	antiksat	https://picon.cz/download/2902/	core	bundled-catalog-240624
2904	piconpoolrainbow-100x60-digiczsk_by_chocholousek.7z	100x60	poolrainbow	digiczsk	https://picon.cz/download/2904/	core	bundled-catalog-240624
2906	piconpoolrainbow-100x60-ItaliaDTT_by_chocholousek.7z	100x60	poolrainbow	ItaliaDTT	https://picon.cz/download/2906/	core	bundled-catalog-240624
2908	piconpoolrainbow-100x60-czskDTT_by_chocholousek.7z	100x60	poolrainbow	czskDTT	https://picon.cz/download/2908/	core	bundled-catalog-240624
2910	piconpoolrainbow-100x60-freeSAT_by_chocholousek.7z	100x60	poolrainbow	freeSAT	https://picon.cz/download/2910/	core	bundled-catalog-240624
2914	piconpoolrainbow-100x60-skylink_by_chocholousek.7z	100x60	poolrainbow	skylink	https://picon.cz/download/2914/	core	bundled-catalog-240624
2917	piconwhite-100x60-0.8W_by_chocholousek.7z	100x60	white	0.8W	https://picon.cz/download/2917/	core	bundled-catalog-240624
2919	piconwhite-100x60-1.0W_by_chocholousek.7z	100x60	white	1.0W	https://picon.cz/download/2919/	core	bundled-catalog-240624
2921	piconwhite-100x60-1.9E_by_chocholousek.7z	100x60	white	1.9E	https://picon.cz/download/2921/	core	bundled-catalog-240624
2923	piconwhite-100x60-3.0E_by_chocholousek.7z	100x60	white	3.0E	https://picon.cz/download/2923/	core	bundled-catalog-240624
2929	piconwhite-100x60-4.0W_by_chocholousek.7z	100x60	white	4.0W	https://picon.cz/download/2929/	core	bundled-catalog-240624
2931	piconwhite-100x60-4.8E_by_chocholousek.7z	100x60	white	4.8E	https://picon.cz/download/2931/	core	bundled-catalog-240624
2933	piconwhite-100x60-4.9E_by_chocholousek.7z	100x60	white	4.9E	https://picon.cz/download/2933/	core	bundled-catalog-240624
2935	piconwhite-100x60-5.0W_by_chocholousek.7z	100x60	white	5.0W	https://picon.cz/download/2935/	core	bundled-catalog-240624
2937	piconwhite-100x60-7.0E_by_chocholousek.7z	100x60	white	7.0E	https://picon.cz/download/2937/	core	bundled-catalog-240624
2939	piconwhite-100x60-7.0W_by_chocholousek.7z	100x60	white	7.0W	https://picon.cz/download/2939/	core	bundled-catalog-240624
2941	piconwhite-100x60-8.0W_by_chocholousek.7z	100x60	white	8.0W	https://picon.cz/download/2941/	core	bundled-catalog-240624
2943	piconwhite-100x60-9.0E_by_chocholousek.7z	100x60	white	9.0E	https://picon.cz/download/2943/	core	bundled-catalog-240624
2945	piconwhite-100x60-10.0E_by_chocholousek.7z	100x60	white	10.0E	https://picon.cz/download/2945/	core	bundled-catalog-240624
2947	piconwhite-100x60-GermanyDTT_by_chocholousek.7z	100x60	white	GermanyDTT	https://picon.cz/download/2947/	core	bundled-catalog-240624
2949	piconwhite-100x60-FranceDTT_by_chocholousek.7z	100x60	white	FranceDTT	https://picon.cz/download/2949/	core	bundled-catalog-240624
2951	piconwhite-100x60-13.0E_by_chocholousek.7z	100x60	white	13.0E	https://picon.cz/download/2951/	core	bundled-catalog-240624
2953	piconwhite-100x60-14.0W_by_chocholousek.7z	100x60	white	14.0W	https://picon.cz/download/2953/	core	bundled-catalog-240624
2955	piconwhite-100x60-15.0W_by_chocholousek.7z	100x60	white	15.0W	https://picon.cz/download/2955/	core	bundled-catalog-240624
2957	piconwhite-100x60-16.0E_by_chocholousek.7z	100x60	white	16.0E	https://picon.cz/download/2957/	core	bundled-catalog-240624
2961	piconwhite-100x60-19.2E_by_chocholousek.7z	100x60	white	19.2E	https://picon.cz/download/2961/	core	bundled-catalog-240624
2963	piconwhite-100x60-PolandDTT_by_chocholousek.7z	100x60	white	PolandDTT	https://picon.cz/download/2963/	core	bundled-catalog-240624
2965	piconwhite-100x60-21.5E_by_chocholousek.7z	100x60	white	21.5E	https://picon.cz/download/2965/	core	bundled-catalog-240624
2967	piconwhite-100x60-22.0W_by_chocholousek.7z	100x60	white	22.0W	https://picon.cz/download/2967/	core	bundled-catalog-240624
2969	piconwhite-100x60-23.5E_by_chocholousek.7z	100x60	white	23.5E	https://picon.cz/download/2969/	core	bundled-catalog-240624
2971	piconwhite-100x60-24.5W_by_chocholousek.7z	100x60	white	24.5W	https://picon.cz/download/2971/	core	bundled-catalog-240624
2973	piconwhite-100x60-26.0E_by_chocholousek.7z	100x60	white	26.0E	https://picon.cz/download/2973/	core	bundled-catalog-240624
2975	piconwhite-100x60-27.5W_by_chocholousek.7z	100x60	white	27.5W	https://picon.cz/download/2975/	core	bundled-catalog-240624
2977	piconwhite-100x60-28.2E_by_chocholousek.7z	100x60	white	28.2E	https://picon.cz/download/2977/	core	bundled-catalog-240624
2979	piconwhite-100x60-30.0W_by_chocholousek.7z	100x60	white	30.0W	https://picon.cz/download/2979/	core	bundled-catalog-240624
2981	piconwhite-100x60-30.5E_by_chocholousek.7z	100x60	white	30.5E	https://picon.cz/download/2981/	core	bundled-catalog-240624
2983	piconwhite-100x60-31.5E_by_chocholousek.7z	100x60	white	31.5E	https://picon.cz/download/2983/	core	bundled-catalog-240624
2985	piconwhite-100x60-33.0E_by_chocholousek.7z	100x60	white	33.0E	https://picon.cz/download/2985/	core	bundled-catalog-240624
2987	piconwhite-100x60-36.0E_by_chocholousek.7z	100x60	white	36.0E	https://picon.cz/download/2987/	core	bundled-catalog-240624
2989	piconwhite-100x60-39.0E_by_chocholousek.7z	100x60	white	39.0E	https://picon.cz/download/2989/	core	bundled-catalog-240624
2991	piconwhite-100x60-42.0E_by_chocholousek.7z	100x60	white	42.0E	https://picon.cz/download/2991/	core	bundled-catalog-240624
2993	piconwhite-100x60-45.0E_by_chocholousek.7z	100x60	white	45.0E	https://picon.cz/download/2993/	core	bundled-catalog-240624
2997	piconwhite-100x60-46.0E_by_chocholousek.7z	100x60	white	46.0E	https://picon.cz/download/2997/	core	bundled-catalog-240624
2999	piconwhite-100x60-51.5E_by_chocholousek.7z	100x60	white	51.5E	https://picon.cz/download/2999/	core	bundled-catalog-240624
3001	piconwhite-100x60-52.0E_by_chocholousek.7z	100x60	white	52.0E	https://picon.cz/download/3001/	core	bundled-catalog-240624
3003	piconwhite-100x60-52.5E_by_chocholousek.7z	100x60	white	52.5E	https://picon.cz/download/3003/	core	bundled-catalog-240624
3005	piconwhite-100x60-53.0E_by_chocholousek.7z	100x60	white	53.0E	https://picon.cz/download/3005/	core	bundled-catalog-240624
3007	piconwhite-100x60-54.9E_by_chocholousek.7z	100x60	white	54.9E	https://picon.cz/download/3007/	core	bundled-catalog-240624
3009	piconwhite-100x60-56.0E_by_chocholousek.7z	100x60	white	56.0E	https://picon.cz/download/3009/	core	bundled-catalog-240624
3011	piconwhite-100x60-62.0E_by_chocholousek.7z	100x60	white	62.0E	https://picon.cz/download/3011/	core	bundled-catalog-240624
3013	piconwhite-100x60-66.0E_by_chocholousek.7z	100x60	white	66.0E	https://picon.cz/download/3013/	core	bundled-catalog-240624
3015	piconwhite-100x60-68.5E_by_chocholousek.7z	100x60	white	68.5E	https://picon.cz/download/3015/	core	bundled-catalog-240624
3017	piconwhite-100x60-70.5E_by_chocholousek.7z	100x60	white	70.5E	https://picon.cz/download/3017/	core	bundled-catalog-240624
3021	piconwhite-100x60-75.0E_by_chocholousek.7z	100x60	white	75.0E	https://picon.cz/download/3021/	core	bundled-catalog-240624
3023	piconwhite-100x60-80.0E_by_chocholousek.7z	100x60	white	80.0E	https://picon.cz/download/3023/	core	bundled-catalog-240624
3027	piconwhite-100x60-antiksat_by_chocholousek.7z	100x60	white	antiksat	https://picon.cz/download/3027/	core	bundled-catalog-240624
3029	piconwhite-100x60-digiczsk_by_chocholousek.7z	100x60	white	digiczsk	https://picon.cz/download/3029/	core	bundled-catalog-240624
3031	piconwhite-100x60-ItaliaDTT_by_chocholousek.7z	100x60	white	ItaliaDTT	https://picon.cz/download/3031/	core	bundled-catalog-240624
3033	piconwhite-100x60-czskDTT_by_chocholousek.7z	100x60	white	czskDTT	https://picon.cz/download/3033/	core	bundled-catalog-240624
3035	piconwhite-100x60-freeSAT_by_chocholousek.7z	100x60	white	freeSAT	https://picon.cz/download/3035/	core	bundled-catalog-240624
3039	piconwhite-100x60-skylink_by_chocholousek.7z	100x60	white	skylink	https://picon.cz/download/3039/	core	bundled-catalog-240624
3043	piconwhite-400x240-0.8W_by_chocholousek.7z	400x240	white	0.8W	https://picon.cz/download/3043/	core	bundled-catalog-240624
3045	piconwhite-400x240-1.0W_by_chocholousek.7z	400x240	white	1.0W	https://picon.cz/download/3045/	core	bundled-catalog-240624
3047	piconwhite-400x240-1.9E_by_chocholousek.7z	400x240	white	1.9E	https://picon.cz/download/3047/	core	bundled-catalog-240624
3049	piconwhite-400x240-3.0E_by_chocholousek.7z	400x240	white	3.0E	https://picon.cz/download/3049/	core	bundled-catalog-240624
3055	piconwhite-400x240-4.0W_by_chocholousek.7z	400x240	white	4.0W	https://picon.cz/download/3055/	core	bundled-catalog-240624
3057	piconwhite-400x240-4.8E_by_chocholousek.7z	400x240	white	4.8E	https://picon.cz/download/3057/	core	bundled-catalog-240624
3059	piconwhite-400x240-4.9E_by_chocholousek.7z	400x240	white	4.9E	https://picon.cz/download/3059/	core	bundled-catalog-240624
3061	piconwhite-400x240-5.0W_by_chocholousek.7z	400x240	white	5.0W	https://picon.cz/download/3061/	core	bundled-catalog-240624
3063	piconwhite-400x240-7.0E_by_chocholousek.7z	400x240	white	7.0E	https://picon.cz/download/3063/	core	bundled-catalog-240624
3065	piconwhite-400x240-7.0W_by_chocholousek.7z	400x240	white	7.0W	https://picon.cz/download/3065/	core	bundled-catalog-240624
3067	piconwhite-400x240-8.0W_by_chocholousek.7z	400x240	white	8.0W	https://picon.cz/download/3067/	core	bundled-catalog-240624
3069	piconwhite-400x240-9.0E_by_chocholousek.7z	400x240	white	9.0E	https://picon.cz/download/3069/	core	bundled-catalog-240624
3071	piconwhite-400x240-10.0E_by_chocholousek.7z	400x240	white	10.0E	https://picon.cz/download/3071/	core	bundled-catalog-240624
3073	piconwhite-400x240-GermanyDTT_by_chocholousek.7z	400x240	white	GermanyDTT	https://picon.cz/download/3073/	core	bundled-catalog-240624
3075	piconwhite-400x240-FranceDTT_by_chocholousek.7z	400x240	white	FranceDTT	https://picon.cz/download/3075/	core	bundled-catalog-240624
3077	piconwhite-400x240-13.0E_by_chocholousek.7z	400x240	white	13.0E	https://picon.cz/download/3077/	core	bundled-catalog-240624
3079	piconwhite-400x240-14.0W_by_chocholousek.7z	400x240	white	14.0W	https://picon.cz/download/3079/	core	bundled-catalog-240624
3081	piconwhite-400x240-15.0W_by_chocholousek.7z	400x240	white	15.0W	https://picon.cz/download/3081/	core	bundled-catalog-240624
3083	piconwhite-400x240-16.0E_by_chocholousek.7z	400x240	white	16.0E	https://picon.cz/download/3083/	core	bundled-catalog-240624
3087	piconwhite-400x240-19.2E_by_chocholousek.7z	400x240	white	19.2E	https://picon.cz/download/3087/	core	bundled-catalog-240624
3089	piconwhite-400x240-PolandDTT_by_chocholousek.7z	400x240	white	PolandDTT	https://picon.cz/download/3089/	core	bundled-catalog-240624
3091	piconwhite-400x240-21.5E_by_chocholousek.7z	400x240	white	21.5E	https://picon.cz/download/3091/	core	bundled-catalog-240624
3093	piconwhite-400x240-22.0W_by_chocholousek.7z	400x240	white	22.0W	https://picon.cz/download/3093/	core	bundled-catalog-240624
3095	piconwhite-400x240-23.5E_by_chocholousek.7z	400x240	white	23.5E	https://picon.cz/download/3095/	core	bundled-catalog-240624
3097	piconwhite-400x240-24.5W_by_chocholousek.7z	400x240	white	24.5W	https://picon.cz/download/3097/	core	bundled-catalog-240624
3099	piconwhite-400x240-26.0E_by_chocholousek.7z	400x240	white	26.0E	https://picon.cz/download/3099/	core	bundled-catalog-240624
3101	piconwhite-400x240-27.5W_by_chocholousek.7z	400x240	white	27.5W	https://picon.cz/download/3101/	core	bundled-catalog-240624
3103	piconwhite-400x240-28.2E_by_chocholousek.7z	400x240	white	28.2E	https://picon.cz/download/3103/	core	bundled-catalog-240624
3105	piconwhite-400x240-30.0W_by_chocholousek.7z	400x240	white	30.0W	https://picon.cz/download/3105/	core	bundled-catalog-240624
3107	piconwhite-400x240-30.5E_by_chocholousek.7z	400x240	white	30.5E	https://picon.cz/download/3107/	core	bundled-catalog-240624
3109	piconwhite-400x240-31.5E_by_chocholousek.7z	400x240	white	31.5E	https://picon.cz/download/3109/	core	bundled-catalog-240624
3111	piconwhite-400x240-33.0E_by_chocholousek.7z	400x240	white	33.0E	https://picon.cz/download/3111/	core	bundled-catalog-240624
3113	piconwhite-400x240-36.0E_by_chocholousek.7z	400x240	white	36.0E	https://picon.cz/download/3113/	core	bundled-catalog-240624
3115	piconwhite-400x240-39.0E_by_chocholousek.7z	400x240	white	39.0E	https://picon.cz/download/3115/	core	bundled-catalog-240624
3117	piconwhite-400x240-42.0E_by_chocholousek.7z	400x240	white	42.0E	https://picon.cz/download/3117/	core	bundled-catalog-240624
3119	piconwhite-400x240-45.0E_by_chocholousek.7z	400x240	white	45.0E	https://picon.cz/download/3119/	core	bundled-catalog-240624
3123	piconwhite-400x240-46.0E_by_chocholousek.7z	400x240	white	46.0E	https://picon.cz/download/3123/	core	bundled-catalog-240624
3125	piconwhite-400x240-51.5E_by_chocholousek.7z	400x240	white	51.5E	https://picon.cz/download/3125/	core	bundled-catalog-240624
3127	piconwhite-400x240-52.0E_by_chocholousek.7z	400x240	white	52.0E	https://picon.cz/download/3127/	core	bundled-catalog-240624
3129	piconwhite-400x240-52.5E_by_chocholousek.7z	400x240	white	52.5E	https://picon.cz/download/3129/	core	bundled-catalog-240624
3131	piconwhite-400x240-53.0E_by_chocholousek.7z	400x240	white	53.0E	https://picon.cz/download/3131/	core	bundled-catalog-240624
3133	piconwhite-400x240-54.9E_by_chocholousek.7z	400x240	white	54.9E	https://picon.cz/download/3133/	core	bundled-catalog-240624
3135	piconwhite-400x240-56.0E_by_chocholousek.7z	400x240	white	56.0E	https://picon.cz/download/3135/	core	bundled-catalog-240624
3137	piconwhite-400x240-62.0E_by_chocholousek.7z	400x240	white	62.0E	https://picon.cz/download/3137/	core	bundled-catalog-240624
3139	piconwhite-400x240-66.0E_by_chocholousek.7z	400x240	white	66.0E	https://picon.cz/download/3139/	core	bundled-catalog-240624
3141	piconwhite-400x240-68.5E_by_chocholousek.7z	400x240	white	68.5E	https://picon.cz/download/3141/	core	bundled-catalog-240624
3143	piconwhite-400x240-70.5E_by_chocholousek.7z	400x240	white	70.5E	https://picon.cz/download/3143/	core	bundled-catalog-240624
3147	piconwhite-400x240-75.0E_by_chocholousek.7z	400x240	white	75.0E	https://picon.cz/download/3147/	core	bundled-catalog-240624
3149	piconwhite-400x240-80.0E_by_chocholousek.7z	400x240	white	80.0E	https://picon.cz/download/3149/	core	bundled-catalog-240624
3153	piconwhite-400x240-antiksat_by_chocholousek.7z	400x240	white	antiksat	https://picon.cz/download/3153/	core	bundled-catalog-240624
3155	piconwhite-400x240-digiczsk_by_chocholousek.7z	400x240	white	digiczsk	https://picon.cz/download/3155/	core	bundled-catalog-240624
3157	piconwhite-400x240-ItaliaDTT_by_chocholousek.7z	400x240	white	ItaliaDTT	https://picon.cz/download/3157/	core	bundled-catalog-240624
3159	piconwhite-400x240-czskDTT_by_chocholousek.7z	400x240	white	czskDTT	https://picon.cz/download/3159/	core	bundled-catalog-240624
3161	piconwhite-400x240-freeSAT_by_chocholousek.7z	400x240	white	freeSAT	https://picon.cz/download/3161/	core	bundled-catalog-240624
3165	piconwhite-400x240-skylink_by_chocholousek.7z	400x240	white	skylink	https://picon.cz/download/3165/	core	bundled-catalog-240624
3171	piconwhite-220x132-0.8W_by_chocholousek.7z	220x132	white	0.8W	https://picon.cz/download/3171/	core	bundled-catalog-240624
3173	piconwhite-220x132-1.0W_by_chocholousek.7z	220x132	white	1.0W	https://picon.cz/download/3173/	core	bundled-catalog-240624
3175	piconwhite-220x132-1.9E_by_chocholousek.7z	220x132	white	1.9E	https://picon.cz/download/3175/	core	bundled-catalog-240624
3177	piconwhite-220x132-3.0E_by_chocholousek.7z	220x132	white	3.0E	https://picon.cz/download/3177/	core	bundled-catalog-240624
3183	piconwhite-220x132-4.0W_by_chocholousek.7z	220x132	white	4.0W	https://picon.cz/download/3183/	core	bundled-catalog-240624
3185	piconwhite-220x132-4.8E_by_chocholousek.7z	220x132	white	4.8E	https://picon.cz/download/3185/	core	bundled-catalog-240624
3187	piconwhite-220x132-4.9E_by_chocholousek.7z	220x132	white	4.9E	https://picon.cz/download/3187/	core	bundled-catalog-240624
3189	piconwhite-220x132-5.0W_by_chocholousek.7z	220x132	white	5.0W	https://picon.cz/download/3189/	core	bundled-catalog-240624
3191	piconwhite-220x132-7.0E_by_chocholousek.7z	220x132	white	7.0E	https://picon.cz/download/3191/	core	bundled-catalog-240624
3193	piconwhite-220x132-7.0W_by_chocholousek.7z	220x132	white	7.0W	https://picon.cz/download/3193/	core	bundled-catalog-240624
3195	piconwhite-220x132-8.0W_by_chocholousek.7z	220x132	white	8.0W	https://picon.cz/download/3195/	core	bundled-catalog-240624
3197	piconwhite-220x132-9.0E_by_chocholousek.7z	220x132	white	9.0E	https://picon.cz/download/3197/	core	bundled-catalog-240624
3199	piconwhite-220x132-10.0E_by_chocholousek.7z	220x132	white	10.0E	https://picon.cz/download/3199/	core	bundled-catalog-240624
3201	piconwhite-220x132-GermanyDTT_by_chocholousek.7z	220x132	white	GermanyDTT	https://picon.cz/download/3201/	core	bundled-catalog-240624
3203	piconwhite-220x132-FranceDTT_by_chocholousek.7z	220x132	white	FranceDTT	https://picon.cz/download/3203/	core	bundled-catalog-240624
3205	piconwhite-220x132-13.0E_by_chocholousek.7z	220x132	white	13.0E	https://picon.cz/download/3205/	core	bundled-catalog-240624
3207	piconwhite-220x132-14.0W_by_chocholousek.7z	220x132	white	14.0W	https://picon.cz/download/3207/	core	bundled-catalog-240624
3209	piconwhite-220x132-15.0W_by_chocholousek.7z	220x132	white	15.0W	https://picon.cz/download/3209/	core	bundled-catalog-240624
3211	piconwhite-220x132-16.0E_by_chocholousek.7z	220x132	white	16.0E	https://picon.cz/download/3211/	core	bundled-catalog-240624
3215	piconwhite-220x132-19.2E_by_chocholousek.7z	220x132	white	19.2E	https://picon.cz/download/3215/	core	bundled-catalog-240624
3217	piconwhite-220x132-PolandDTT_by_chocholousek.7z	220x132	white	PolandDTT	https://picon.cz/download/3217/	core	bundled-catalog-240624
3219	piconwhite-220x132-21.5E_by_chocholousek.7z	220x132	white	21.5E	https://picon.cz/download/3219/	core	bundled-catalog-240624
3221	piconwhite-220x132-22.0W_by_chocholousek.7z	220x132	white	22.0W	https://picon.cz/download/3221/	core	bundled-catalog-240624
3223	piconwhite-220x132-23.5E_by_chocholousek.7z	220x132	white	23.5E	https://picon.cz/download/3223/	core	bundled-catalog-240624
3225	piconwhite-220x132-24.5W_by_chocholousek.7z	220x132	white	24.5W	https://picon.cz/download/3225/	core	bundled-catalog-240624
3227	piconwhite-220x132-26.0E_by_chocholousek.7z	220x132	white	26.0E	https://picon.cz/download/3227/	core	bundled-catalog-240624
3229	piconwhite-220x132-27.5W_by_chocholousek.7z	220x132	white	27.5W	https://picon.cz/download/3229/	core	bundled-catalog-240624
3231	piconwhite-220x132-28.2E_by_chocholousek.7z	220x132	white	28.2E	https://picon.cz/download/3231/	core	bundled-catalog-240624
3233	piconwhite-220x132-30.0W_by_chocholousek.7z	220x132	white	30.0W	https://picon.cz/download/3233/	core	bundled-catalog-240624
3235	piconwhite-220x132-30.5E_by_chocholousek.7z	220x132	white	30.5E	https://picon.cz/download/3235/	core	bundled-catalog-240624
3237	piconwhite-220x132-31.5E_by_chocholousek.7z	220x132	white	31.5E	https://picon.cz/download/3237/	core	bundled-catalog-240624
3239	piconwhite-220x132-33.0E_by_chocholousek.7z	220x132	white	33.0E	https://picon.cz/download/3239/	core	bundled-catalog-240624
3241	piconwhite-220x132-36.0E_by_chocholousek.7z	220x132	white	36.0E	https://picon.cz/download/3241/	core	bundled-catalog-240624
3243	piconwhite-220x132-39.0E_by_chocholousek.7z	220x132	white	39.0E	https://picon.cz/download/3243/	core	bundled-catalog-240624
3245	piconwhite-220x132-42.0E_by_chocholousek.7z	220x132	white	42.0E	https://picon.cz/download/3245/	core	bundled-catalog-240624
3247	piconwhite-220x132-45.0E_by_chocholousek.7z	220x132	white	45.0E	https://picon.cz/download/3247/	core	bundled-catalog-240624
3251	piconwhite-220x132-46.0E_by_chocholousek.7z	220x132	white	46.0E	https://picon.cz/download/3251/	core	bundled-catalog-240624
3253	piconwhite-220x132-51.5E_by_chocholousek.7z	220x132	white	51.5E	https://picon.cz/download/3253/	core	bundled-catalog-240624
3255	piconwhite-220x132-52.0E_by_chocholousek.7z	220x132	white	52.0E	https://picon.cz/download/3255/	core	bundled-catalog-240624
3257	piconwhite-220x132-52.5E_by_chocholousek.7z	220x132	white	52.5E	https://picon.cz/download/3257/	core	bundled-catalog-240624
3259	piconwhite-220x132-53.0E_by_chocholousek.7z	220x132	white	53.0E	https://picon.cz/download/3259/	core	bundled-catalog-240624
3261	piconwhite-220x132-54.9E_by_chocholousek.7z	220x132	white	54.9E	https://picon.cz/download/3261/	core	bundled-catalog-240624
3263	piconwhite-220x132-56.0E_by_chocholousek.7z	220x132	white	56.0E	https://picon.cz/download/3263/	core	bundled-catalog-240624
3265	piconwhite-220x132-62.0E_by_chocholousek.7z	220x132	white	62.0E	https://picon.cz/download/3265/	core	bundled-catalog-240624
3267	piconwhite-220x132-66.0E_by_chocholousek.7z	220x132	white	66.0E	https://picon.cz/download/3267/	core	bundled-catalog-240624
3269	piconwhite-220x132-68.5E_by_chocholousek.7z	220x132	white	68.5E	https://picon.cz/download/3269/	core	bundled-catalog-240624
3271	piconwhite-220x132-70.5E_by_chocholousek.7z	220x132	white	70.5E	https://picon.cz/download/3271/	core	bundled-catalog-240624
3275	piconwhite-220x132-75.0E_by_chocholousek.7z	220x132	white	75.0E	https://picon.cz/download/3275/	core	bundled-catalog-240624
3277	piconwhite-220x132-80.0E_by_chocholousek.7z	220x132	white	80.0E	https://picon.cz/download/3277/	core	bundled-catalog-240624
3281	piconwhite-220x132-antiksat_by_chocholousek.7z	220x132	white	antiksat	https://picon.cz/download/3281/	core	bundled-catalog-240624
3283	piconwhite-220x132-digiczsk_by_chocholousek.7z	220x132	white	digiczsk	https://picon.cz/download/3283/	core	bundled-catalog-240624
3285	piconwhite-220x132-ItaliaDTT_by_chocholousek.7z	220x132	white	ItaliaDTT	https://picon.cz/download/3285/	core	bundled-catalog-240624
3287	piconwhite-220x132-czskDTT_by_chocholousek.7z	220x132	white	czskDTT	https://picon.cz/download/3287/	core	bundled-catalog-240624
3289	piconwhite-220x132-freeSAT_by_chocholousek.7z	220x132	white	freeSAT	https://picon.cz/download/3289/	core	bundled-catalog-240624
3293	piconwhite-220x132-skylink_by_chocholousek.7z	220x132	white	skylink	https://picon.cz/download/3293/	core	bundled-catalog-240624
3296	piconblack-220x132-0.8W_by_chocholousek.7z	220x132	black	0.8W	https://picon.cz/download/3296/	core	bundled-catalog-240624
3298	piconblack-220x132-1.0W_by_chocholousek.7z	220x132	black	1.0W	https://picon.cz/download/3298/	core	bundled-catalog-240624
3300	piconblack-220x132-1.9E_by_chocholousek.7z	220x132	black	1.9E	https://picon.cz/download/3300/	core	bundled-catalog-240624
3302	piconblack-220x132-3.0E_by_chocholousek.7z	220x132	black	3.0E	https://picon.cz/download/3302/	core	bundled-catalog-240624
3308	piconblack-220x132-4.0W_by_chocholousek.7z	220x132	black	4.0W	https://picon.cz/download/3308/	core	bundled-catalog-240624
3310	piconblack-220x132-4.8E_by_chocholousek.7z	220x132	black	4.8E	https://picon.cz/download/3310/	core	bundled-catalog-240624
3312	piconblack-220x132-4.9E_by_chocholousek.7z	220x132	black	4.9E	https://picon.cz/download/3312/	core	bundled-catalog-240624
3314	piconblack-220x132-5.0W_by_chocholousek.7z	220x132	black	5.0W	https://picon.cz/download/3314/	core	bundled-catalog-240624
3316	piconblack-220x132-7.0E_by_chocholousek.7z	220x132	black	7.0E	https://picon.cz/download/3316/	core	bundled-catalog-240624
3318	piconblack-220x132-7.0W_by_chocholousek.7z	220x132	black	7.0W	https://picon.cz/download/3318/	core	bundled-catalog-240624
3320	piconblack-220x132-8.0W_by_chocholousek.7z	220x132	black	8.0W	https://picon.cz/download/3320/	core	bundled-catalog-240624
3322	piconblack-220x132-9.0E_by_chocholousek.7z	220x132	black	9.0E	https://picon.cz/download/3322/	core	bundled-catalog-240624
3324	piconblack-220x132-10.0E_by_chocholousek.7z	220x132	black	10.0E	https://picon.cz/download/3324/	core	bundled-catalog-240624
3326	piconblack-220x132-GermanyDTT_by_chocholousek.7z	220x132	black	GermanyDTT	https://picon.cz/download/3326/	core	bundled-catalog-240624
3328	piconblack-220x132-FranceDTT_by_chocholousek.7z	220x132	black	FranceDTT	https://picon.cz/download/3328/	core	bundled-catalog-240624
3330	piconblack-220x132-13.0E_by_chocholousek.7z	220x132	black	13.0E	https://picon.cz/download/3330/	core	bundled-catalog-240624
3332	piconblack-220x132-14.0W_by_chocholousek.7z	220x132	black	14.0W	https://picon.cz/download/3332/	core	bundled-catalog-240624
3334	piconblack-220x132-15.0W_by_chocholousek.7z	220x132	black	15.0W	https://picon.cz/download/3334/	core	bundled-catalog-240624
3336	piconblack-220x132-16.0E_by_chocholousek.7z	220x132	black	16.0E	https://picon.cz/download/3336/	core	bundled-catalog-240624
3340	piconblack-220x132-19.2E_by_chocholousek.7z	220x132	black	19.2E	https://picon.cz/download/3340/	core	bundled-catalog-240624
3342	piconblack-220x132-PolandDTT_by_chocholousek.7z	220x132	black	PolandDTT	https://picon.cz/download/3342/	core	bundled-catalog-240624
3344	piconblack-220x132-21.5E_by_chocholousek.7z	220x132	black	21.5E	https://picon.cz/download/3344/	core	bundled-catalog-240624
3346	piconblack-220x132-22.0W_by_chocholousek.7z	220x132	black	22.0W	https://picon.cz/download/3346/	core	bundled-catalog-240624
3348	piconblack-220x132-23.5E_by_chocholousek.7z	220x132	black	23.5E	https://picon.cz/download/3348/	core	bundled-catalog-240624
3350	piconblack-220x132-24.5W_by_chocholousek.7z	220x132	black	24.5W	https://picon.cz/download/3350/	core	bundled-catalog-240624
3352	piconblack-220x132-26.0E_by_chocholousek.7z	220x132	black	26.0E	https://picon.cz/download/3352/	core	bundled-catalog-240624
3354	piconblack-220x132-27.5W_by_chocholousek.7z	220x132	black	27.5W	https://picon.cz/download/3354/	core	bundled-catalog-240624
3356	piconblack-220x132-28.2E_by_chocholousek.7z	220x132	black	28.2E	https://picon.cz/download/3356/	core	bundled-catalog-240624
3358	piconblack-220x132-30.0W_by_chocholousek.7z	220x132	black	30.0W	https://picon.cz/download/3358/	core	bundled-catalog-240624
3360	piconblack-220x132-30.5E_by_chocholousek.7z	220x132	black	30.5E	https://picon.cz/download/3360/	core	bundled-catalog-240624
3362	piconblack-220x132-31.5E_by_chocholousek.7z	220x132	black	31.5E	https://picon.cz/download/3362/	core	bundled-catalog-240624
3364	piconblack-220x132-33.0E_by_chocholousek.7z	220x132	black	33.0E	https://picon.cz/download/3364/	core	bundled-catalog-240624
3366	piconblack-220x132-36.0E_by_chocholousek.7z	220x132	black	36.0E	https://picon.cz/download/3366/	core	bundled-catalog-240624
3368	piconblack-220x132-39.0E_by_chocholousek.7z	220x132	black	39.0E	https://picon.cz/download/3368/	core	bundled-catalog-240624
3370	piconblack-220x132-42.0E_by_chocholousek.7z	220x132	black	42.0E	https://picon.cz/download/3370/	core	bundled-catalog-240624
3372	piconblack-220x132-45.0E_by_chocholousek.7z	220x132	black	45.0E	https://picon.cz/download/3372/	core	bundled-catalog-240624
3376	piconblack-220x132-46.0E_by_chocholousek.7z	220x132	black	46.0E	https://picon.cz/download/3376/	core	bundled-catalog-240624
3378	piconblack-220x132-51.5E_by_chocholousek.7z	220x132	black	51.5E	https://picon.cz/download/3378/	core	bundled-catalog-240624
3380	piconblack-220x132-52.0E_by_chocholousek.7z	220x132	black	52.0E	https://picon.cz/download/3380/	core	bundled-catalog-240624
3382	piconblack-220x132-52.5E_by_chocholousek.7z	220x132	black	52.5E	https://picon.cz/download/3382/	core	bundled-catalog-240624
3384	piconblack-220x132-53.0E_by_chocholousek.7z	220x132	black	53.0E	https://picon.cz/download/3384/	core	bundled-catalog-240624
3386	piconblack-220x132-54.9E_by_chocholousek.7z	220x132	black	54.9E	https://picon.cz/download/3386/	core	bundled-catalog-240624
3388	piconblack-220x132-56.0E_by_chocholousek.7z	220x132	black	56.0E	https://picon.cz/download/3388/	core	bundled-catalog-240624
3390	piconblack-220x132-62.0E_by_chocholousek.7z	220x132	black	62.0E	https://picon.cz/download/3390/	core	bundled-catalog-240624
3392	piconblack-220x132-66.0E_by_chocholousek.7z	220x132	black	66.0E	https://picon.cz/download/3392/	core	bundled-catalog-240624
3394	piconblack-220x132-68.5E_by_chocholousek.7z	220x132	black	68.5E	https://picon.cz/download/3394/	core	bundled-catalog-240624
3396	piconblack-220x132-70.5E_by_chocholousek.7z	220x132	black	70.5E	https://picon.cz/download/3396/	core	bundled-catalog-240624
3400	piconblack-220x132-75.0E_by_chocholousek.7z	220x132	black	75.0E	https://picon.cz/download/3400/	core	bundled-catalog-240624
3402	piconblack-220x132-80.0E_by_chocholousek.7z	220x132	black	80.0E	https://picon.cz/download/3402/	core	bundled-catalog-240624
3406	piconblack-220x132-antiksat_by_chocholousek.7z	220x132	black	antiksat	https://picon.cz/download/3406/	core	bundled-catalog-240624
3408	piconblack-220x132-digiczsk_by_chocholousek.7z	220x132	black	digiczsk	https://picon.cz/download/3408/	core	bundled-catalog-240624
3410	piconblack-220x132-ItaliaDTT_by_chocholousek.7z	220x132	black	ItaliaDTT	https://picon.cz/download/3410/	core	bundled-catalog-240624
3412	piconblack-220x132-czskDTT_by_chocholousek.7z	220x132	black	czskDTT	https://picon.cz/download/3412/	core	bundled-catalog-240624
3414	piconblack-220x132-freeSAT_by_chocholousek.7z	220x132	black	freeSAT	https://picon.cz/download/3414/	core	bundled-catalog-240624
3418	piconblack-220x132-skylink_by_chocholousek.7z	220x132	black	skylink	https://picon.cz/download/3418/	core	bundled-catalog-240624
3423	piconblack80-400x170-0.8W_by_chocholousek.7z	400x170	black80	0.8W	https://picon.cz/download/3423/	core	bundled-catalog-240624
3425	piconblack80-400x170-1.0W_by_chocholousek.7z	400x170	black80	1.0W	https://picon.cz/download/3425/	core	bundled-catalog-240624
3427	piconblack80-400x170-1.9E_by_chocholousek.7z	400x170	black80	1.9E	https://picon.cz/download/3427/	core	bundled-catalog-240624
3429	piconblack80-400x170-3.0E_by_chocholousek.7z	400x170	black80	3.0E	https://picon.cz/download/3429/	core	bundled-catalog-240624
3435	piconblack80-400x170-4.0W_by_chocholousek.7z	400x170	black80	4.0W	https://picon.cz/download/3435/	core	bundled-catalog-240624
3437	piconblack80-400x170-4.8E_by_chocholousek.7z	400x170	black80	4.8E	https://picon.cz/download/3437/	core	bundled-catalog-240624
3439	piconblack80-400x170-4.9E_by_chocholousek.7z	400x170	black80	4.9E	https://picon.cz/download/3439/	core	bundled-catalog-240624
3441	piconblack80-400x170-5.0W_by_chocholousek.7z	400x170	black80	5.0W	https://picon.cz/download/3441/	core	bundled-catalog-240624
3443	piconblack80-400x170-7.0E_by_chocholousek.7z	400x170	black80	7.0E	https://picon.cz/download/3443/	core	bundled-catalog-240624
3445	piconblack80-400x170-7.0W_by_chocholousek.7z	400x170	black80	7.0W	https://picon.cz/download/3445/	core	bundled-catalog-240624
3447	piconblack80-400x170-8.0W_by_chocholousek.7z	400x170	black80	8.0W	https://picon.cz/download/3447/	core	bundled-catalog-240624
3449	piconblack80-400x170-9.0E_by_chocholousek.7z	400x170	black80	9.0E	https://picon.cz/download/3449/	core	bundled-catalog-240624
3451	piconblack80-400x170-10.0E_by_chocholousek.7z	400x170	black80	10.0E	https://picon.cz/download/3451/	core	bundled-catalog-240624
3453	piconblack80-400x170-GermanyDTT_by_chocholousek.7z	400x170	black80	GermanyDTT	https://picon.cz/download/3453/	core	bundled-catalog-240624
3455	piconblack80-400x170-FranceDTT_by_chocholousek.7z	400x170	black80	FranceDTT	https://picon.cz/download/3455/	core	bundled-catalog-240624
3457	piconblack80-400x170-13.0E_by_chocholousek.7z	400x170	black80	13.0E	https://picon.cz/download/3457/	core	bundled-catalog-240624
3459	piconblack80-400x170-14.0W_by_chocholousek.7z	400x170	black80	14.0W	https://picon.cz/download/3459/	core	bundled-catalog-240624
3461	piconblack80-400x170-15.0W_by_chocholousek.7z	400x170	black80	15.0W	https://picon.cz/download/3461/	core	bundled-catalog-240624
3463	piconblack80-400x170-16.0E_by_chocholousek.7z	400x170	black80	16.0E	https://picon.cz/download/3463/	core	bundled-catalog-240624
3467	piconblack80-400x170-19.2E_by_chocholousek.7z	400x170	black80	19.2E	https://picon.cz/download/3467/	core	bundled-catalog-240624
3469	piconblack80-400x170-PolandDTT_by_chocholousek.7z	400x170	black80	PolandDTT	https://picon.cz/download/3469/	core	bundled-catalog-240624
3471	piconblack80-400x170-21.5E_by_chocholousek.7z	400x170	black80	21.5E	https://picon.cz/download/3471/	core	bundled-catalog-240624
3473	piconblack80-400x170-22.0W_by_chocholousek.7z	400x170	black80	22.0W	https://picon.cz/download/3473/	core	bundled-catalog-240624
3475	piconblack80-400x170-23.5E_by_chocholousek.7z	400x170	black80	23.5E	https://picon.cz/download/3475/	core	bundled-catalog-240624
3477	piconblack80-400x170-24.5W_by_chocholousek.7z	400x170	black80	24.5W	https://picon.cz/download/3477/	core	bundled-catalog-240624
3479	piconblack80-400x170-26.0E_by_chocholousek.7z	400x170	black80	26.0E	https://picon.cz/download/3479/	core	bundled-catalog-240624
3481	piconblack80-400x170-27.5W_by_chocholousek.7z	400x170	black80	27.5W	https://picon.cz/download/3481/	core	bundled-catalog-240624
3483	piconblack80-400x170-28.2E_by_chocholousek.7z	400x170	black80	28.2E	https://picon.cz/download/3483/	core	bundled-catalog-240624
3485	piconblack80-400x170-30.0W_by_chocholousek.7z	400x170	black80	30.0W	https://picon.cz/download/3485/	core	bundled-catalog-240624
3487	piconblack80-400x170-30.5E_by_chocholousek.7z	400x170	black80	30.5E	https://picon.cz/download/3487/	core	bundled-catalog-240624
3489	piconblack80-400x170-31.5E_by_chocholousek.7z	400x170	black80	31.5E	https://picon.cz/download/3489/	core	bundled-catalog-240624
3491	piconblack80-400x170-33.0E_by_chocholousek.7z	400x170	black80	33.0E	https://picon.cz/download/3491/	core	bundled-catalog-240624
3493	piconblack80-400x170-36.0E_by_chocholousek.7z	400x170	black80	36.0E	https://picon.cz/download/3493/	core	bundled-catalog-240624
3495	piconblack80-400x170-39.0E_by_chocholousek.7z	400x170	black80	39.0E	https://picon.cz/download/3495/	core	bundled-catalog-240624
3497	piconblack80-400x170-42.0E_by_chocholousek.7z	400x170	black80	42.0E	https://picon.cz/download/3497/	core	bundled-catalog-240624
3499	piconblack80-400x170-45.0E_by_chocholousek.7z	400x170	black80	45.0E	https://picon.cz/download/3499/	core	bundled-catalog-240624
3503	piconblack80-400x170-46.0E_by_chocholousek.7z	400x170	black80	46.0E	https://picon.cz/download/3503/	core	bundled-catalog-240624
3505	piconblack80-400x170-51.5E_by_chocholousek.7z	400x170	black80	51.5E	https://picon.cz/download/3505/	core	bundled-catalog-240624
3507	piconblack80-400x170-52.0E_by_chocholousek.7z	400x170	black80	52.0E	https://picon.cz/download/3507/	core	bundled-catalog-240624
3509	piconblack80-400x170-52.5E_by_chocholousek.7z	400x170	black80	52.5E	https://picon.cz/download/3509/	core	bundled-catalog-240624
3511	piconblack80-400x170-53.0E_by_chocholousek.7z	400x170	black80	53.0E	https://picon.cz/download/3511/	core	bundled-catalog-240624
3513	piconblack80-400x170-54.9E_by_chocholousek.7z	400x170	black80	54.9E	https://picon.cz/download/3513/	core	bundled-catalog-240624
3515	piconblack80-400x170-56.0E_by_chocholousek.7z	400x170	black80	56.0E	https://picon.cz/download/3515/	core	bundled-catalog-240624
3517	piconblack80-400x170-62.0E_by_chocholousek.7z	400x170	black80	62.0E	https://picon.cz/download/3517/	core	bundled-catalog-240624
3519	piconblack80-400x170-66.0E_by_chocholousek.7z	400x170	black80	66.0E	https://picon.cz/download/3519/	core	bundled-catalog-240624
3521	piconblack80-400x170-68.5E_by_chocholousek.7z	400x170	black80	68.5E	https://picon.cz/download/3521/	core	bundled-catalog-240624
3523	piconblack80-400x170-70.5E_by_chocholousek.7z	400x170	black80	70.5E	https://picon.cz/download/3523/	core	bundled-catalog-240624
3527	piconblack80-400x170-75.0E_by_chocholousek.7z	400x170	black80	75.0E	https://picon.cz/download/3527/	core	bundled-catalog-240624
3529	piconblack80-400x170-80.0E_by_chocholousek.7z	400x170	black80	80.0E	https://picon.cz/download/3529/	core	bundled-catalog-240624
3533	piconblack80-400x170-antiksat_by_chocholousek.7z	400x170	black80	antiksat	https://picon.cz/download/3533/	core	bundled-catalog-240624
3535	piconblack80-400x170-digiczsk_by_chocholousek.7z	400x170	black80	digiczsk	https://picon.cz/download/3535/	core	bundled-catalog-240624
3537	piconblack80-400x170-ItaliaDTT_by_chocholousek.7z	400x170	black80	ItaliaDTT	https://picon.cz/download/3537/	core	bundled-catalog-240624
3539	piconblack80-400x170-czskDTT_by_chocholousek.7z	400x170	black80	czskDTT	https://picon.cz/download/3539/	core	bundled-catalog-240624
3541	piconblack80-400x170-freeSAT_by_chocholousek.7z	400x170	black80	freeSAT	https://picon.cz/download/3541/	core	bundled-catalog-240624
3545	piconblack80-400x170-skylink_by_chocholousek.7z	400x170	black80	skylink	https://picon.cz/download/3545/	core	bundled-catalog-240624
3548	piconblack-50x30-0.8W_by_chocholousek.7z	50x30	black	0.8W	https://picon.cz/download/3548/	core	bundled-catalog-240624
3550	piconblack-50x30-1.0W_by_chocholousek.7z	50x30	black	1.0W	https://picon.cz/download/3550/	core	bundled-catalog-240624
3552	piconblack-50x30-1.9E_by_chocholousek.7z	50x30	black	1.9E	https://picon.cz/download/3552/	core	bundled-catalog-240624
3554	piconblack-50x30-3.0E_by_chocholousek.7z	50x30	black	3.0E	https://picon.cz/download/3554/	core	bundled-catalog-240624
3560	piconblack-50x30-4.0W_by_chocholousek.7z	50x30	black	4.0W	https://picon.cz/download/3560/	core	bundled-catalog-240624
3562	piconblack-50x30-4.8E_by_chocholousek.7z	50x30	black	4.8E	https://picon.cz/download/3562/	core	bundled-catalog-240624
3564	piconblack-50x30-4.9E_by_chocholousek.7z	50x30	black	4.9E	https://picon.cz/download/3564/	core	bundled-catalog-240624
3566	piconblack-50x30-5.0W_by_chocholousek.7z	50x30	black	5.0W	https://picon.cz/download/3566/	core	bundled-catalog-240624
3568	piconblack-50x30-7.0E_by_chocholousek.7z	50x30	black	7.0E	https://picon.cz/download/3568/	core	bundled-catalog-240624
3570	piconblack-50x30-7.0W_by_chocholousek.7z	50x30	black	7.0W	https://picon.cz/download/3570/	core	bundled-catalog-240624
3572	piconblack-50x30-8.0W_by_chocholousek.7z	50x30	black	8.0W	https://picon.cz/download/3572/	core	bundled-catalog-240624
3574	piconblack-50x30-9.0E_by_chocholousek.7z	50x30	black	9.0E	https://picon.cz/download/3574/	core	bundled-catalog-240624
3576	piconblack-50x30-10.0E_by_chocholousek.7z	50x30	black	10.0E	https://picon.cz/download/3576/	core	bundled-catalog-240624
3578	piconblack-50x30-GermanyDTT_by_chocholousek.7z	50x30	black	GermanyDTT	https://picon.cz/download/3578/	core	bundled-catalog-240624
3580	piconblack-50x30-FranceDTT_by_chocholousek.7z	50x30	black	FranceDTT	https://picon.cz/download/3580/	core	bundled-catalog-240624
3582	piconblack-50x30-13.0E_by_chocholousek.7z	50x30	black	13.0E	https://picon.cz/download/3582/	core	bundled-catalog-240624
3584	piconblack-50x30-14.0W_by_chocholousek.7z	50x30	black	14.0W	https://picon.cz/download/3584/	core	bundled-catalog-240624
3586	piconblack-50x30-15.0W_by_chocholousek.7z	50x30	black	15.0W	https://picon.cz/download/3586/	core	bundled-catalog-240624
3588	piconblack-50x30-16.0E_by_chocholousek.7z	50x30	black	16.0E	https://picon.cz/download/3588/	core	bundled-catalog-240624
3592	piconblack-50x30-19.2E_by_chocholousek.7z	50x30	black	19.2E	https://picon.cz/download/3592/	core	bundled-catalog-240624
3594	piconblack-50x30-PolandDTT_by_chocholousek.7z	50x30	black	PolandDTT	https://picon.cz/download/3594/	core	bundled-catalog-240624
3596	piconblack-50x30-21.5E_by_chocholousek.7z	50x30	black	21.5E	https://picon.cz/download/3596/	core	bundled-catalog-240624
3598	piconblack-50x30-22.0W_by_chocholousek.7z	50x30	black	22.0W	https://picon.cz/download/3598/	core	bundled-catalog-240624
3600	piconblack-50x30-23.5E_by_chocholousek.7z	50x30	black	23.5E	https://picon.cz/download/3600/	core	bundled-catalog-240624
3602	piconblack-50x30-24.5W_by_chocholousek.7z	50x30	black	24.5W	https://picon.cz/download/3602/	core	bundled-catalog-240624
3604	piconblack-50x30-26.0E_by_chocholousek.7z	50x30	black	26.0E	https://picon.cz/download/3604/	core	bundled-catalog-240624
3606	piconblack-50x30-27.5W_by_chocholousek.7z	50x30	black	27.5W	https://picon.cz/download/3606/	core	bundled-catalog-240624
3608	piconblack-50x30-28.2E_by_chocholousek.7z	50x30	black	28.2E	https://picon.cz/download/3608/	core	bundled-catalog-240624
3610	piconblack-50x30-30.0W_by_chocholousek.7z	50x30	black	30.0W	https://picon.cz/download/3610/	core	bundled-catalog-240624
3612	piconblack-50x30-30.5E_by_chocholousek.7z	50x30	black	30.5E	https://picon.cz/download/3612/	core	bundled-catalog-240624
3614	piconblack-50x30-31.5E_by_chocholousek.7z	50x30	black	31.5E	https://picon.cz/download/3614/	core	bundled-catalog-240624
3616	piconblack-50x30-33.0E_by_chocholousek.7z	50x30	black	33.0E	https://picon.cz/download/3616/	core	bundled-catalog-240624
3618	piconblack-50x30-36.0E_by_chocholousek.7z	50x30	black	36.0E	https://picon.cz/download/3618/	core	bundled-catalog-240624
3620	piconblack-50x30-39.0E_by_chocholousek.7z	50x30	black	39.0E	https://picon.cz/download/3620/	core	bundled-catalog-240624
3622	piconblack-50x30-42.0E_by_chocholousek.7z	50x30	black	42.0E	https://picon.cz/download/3622/	core	bundled-catalog-240624
3624	piconblack-50x30-45.0E_by_chocholousek.7z	50x30	black	45.0E	https://picon.cz/download/3624/	core	bundled-catalog-240624
3628	piconblack-50x30-46.0E_by_chocholousek.7z	50x30	black	46.0E	https://picon.cz/download/3628/	core	bundled-catalog-240624
3630	piconblack-50x30-51.5E_by_chocholousek.7z	50x30	black	51.5E	https://picon.cz/download/3630/	core	bundled-catalog-240624
3632	piconblack-50x30-52.0E_by_chocholousek.7z	50x30	black	52.0E	https://picon.cz/download/3632/	core	bundled-catalog-240624
3634	piconblack-50x30-52.5E_by_chocholousek.7z	50x30	black	52.5E	https://picon.cz/download/3634/	core	bundled-catalog-240624
3636	piconblack-50x30-53.0E_by_chocholousek.7z	50x30	black	53.0E	https://picon.cz/download/3636/	core	bundled-catalog-240624
3638	piconblack-50x30-54.9E_by_chocholousek.7z	50x30	black	54.9E	https://picon.cz/download/3638/	core	bundled-catalog-240624
3640	piconblack-50x30-56.0E_by_chocholousek.7z	50x30	black	56.0E	https://picon.cz/download/3640/	core	bundled-catalog-240624
3642	piconblack-50x30-62.0E_by_chocholousek.7z	50x30	black	62.0E	https://picon.cz/download/3642/	core	bundled-catalog-240624
3644	piconblack-50x30-66.0E_by_chocholousek.7z	50x30	black	66.0E	https://picon.cz/download/3644/	core	bundled-catalog-240624
3646	piconblack-50x30-68.5E_by_chocholousek.7z	50x30	black	68.5E	https://picon.cz/download/3646/	core	bundled-catalog-240624
3648	piconblack-50x30-70.5E_by_chocholousek.7z	50x30	black	70.5E	https://picon.cz/download/3648/	core	bundled-catalog-240624
3652	piconblack-50x30-75.0E_by_chocholousek.7z	50x30	black	75.0E	https://picon.cz/download/3652/	core	bundled-catalog-240624
3654	piconblack-50x30-80.0E_by_chocholousek.7z	50x30	black	80.0E	https://picon.cz/download/3654/	core	bundled-catalog-240624
3658	piconblack-50x30-antiksat_by_chocholousek.7z	50x30	black	antiksat	https://picon.cz/download/3658/	core	bundled-catalog-240624
3660	piconblack-50x30-digiczsk_by_chocholousek.7z	50x30	black	digiczsk	https://picon.cz/download/3660/	core	bundled-catalog-240624
3662	piconblack-50x30-ItaliaDTT_by_chocholousek.7z	50x30	black	ItaliaDTT	https://picon.cz/download/3662/	core	bundled-catalog-240624
3664	piconblack-50x30-czskDTT_by_chocholousek.7z	50x30	black	czskDTT	https://picon.cz/download/3664/	core	bundled-catalog-240624
3666	piconblack-50x30-freeSAT_by_chocholousek.7z	50x30	black	freeSAT	https://picon.cz/download/3666/	core	bundled-catalog-240624
3670	piconblack-50x30-skylink_by_chocholousek.7z	50x30	black	skylink	https://picon.cz/download/3670/	core	bundled-catalog-240624
3801	picontransparentwhite-220x132-0.8W_by_chocholousek.7z	220x132	transparentwhite	0.8W	https://picon.cz/download/3801/	core	bundled-catalog-240624
3803	picontransparentwhite-220x132-1.0W_by_chocholousek.7z	220x132	transparentwhite	1.0W	https://picon.cz/download/3803/	core	bundled-catalog-240624
3805	picontransparentwhite-220x132-1.9E_by_chocholousek.7z	220x132	transparentwhite	1.9E	https://picon.cz/download/3805/	core	bundled-catalog-240624
3807	picontransparentwhite-220x132-3.0E_by_chocholousek.7z	220x132	transparentwhite	3.0E	https://picon.cz/download/3807/	core	bundled-catalog-240624
3813	picontransparentwhite-220x132-4.0W_by_chocholousek.7z	220x132	transparentwhite	4.0W	https://picon.cz/download/3813/	core	bundled-catalog-240624
3815	picontransparentwhite-220x132-4.8E_by_chocholousek.7z	220x132	transparentwhite	4.8E	https://picon.cz/download/3815/	core	bundled-catalog-240624
3817	picontransparentwhite-220x132-4.9E_by_chocholousek.7z	220x132	transparentwhite	4.9E	https://picon.cz/download/3817/	core	bundled-catalog-240624
3819	picontransparentwhite-220x132-5.0W_by_chocholousek.7z	220x132	transparentwhite	5.0W	https://picon.cz/download/3819/	core	bundled-catalog-240624
3821	picontransparentwhite-220x132-7.0E_by_chocholousek.7z	220x132	transparentwhite	7.0E	https://picon.cz/download/3821/	core	bundled-catalog-240624
3823	picontransparentwhite-220x132-7.0W_by_chocholousek.7z	220x132	transparentwhite	7.0W	https://picon.cz/download/3823/	core	bundled-catalog-240624
3825	picontransparentwhite-220x132-8.0W_by_chocholousek.7z	220x132	transparentwhite	8.0W	https://picon.cz/download/3825/	core	bundled-catalog-240624
3827	picontransparentwhite-220x132-9.0E_by_chocholousek.7z	220x132	transparentwhite	9.0E	https://picon.cz/download/3827/	core	bundled-catalog-240624
3829	picontransparentwhite-220x132-10.0E_by_chocholousek.7z	220x132	transparentwhite	10.0E	https://picon.cz/download/3829/	core	bundled-catalog-240624
3831	picontransparentwhite-220x132-GermanyDTT_by_chocholousek.7z	220x132	transparentwhite	GermanyDTT	https://picon.cz/download/3831/	core	bundled-catalog-240624
3833	picontransparentwhite-220x132-FranceDTT_by_chocholousek.7z	220x132	transparentwhite	FranceDTT	https://picon.cz/download/3833/	core	bundled-catalog-240624
3835	picontransparentwhite-220x132-13.0E_by_chocholousek.7z	220x132	transparentwhite	13.0E	https://picon.cz/download/3835/	core	bundled-catalog-240624
3837	picontransparentwhite-220x132-14.0W_by_chocholousek.7z	220x132	transparentwhite	14.0W	https://picon.cz/download/3837/	core	bundled-catalog-240624
3839	picontransparentwhite-220x132-15.0W_by_chocholousek.7z	220x132	transparentwhite	15.0W	https://picon.cz/download/3839/	core	bundled-catalog-240624
3841	picontransparentwhite-220x132-16.0E_by_chocholousek.7z	220x132	transparentwhite	16.0E	https://picon.cz/download/3841/	core	bundled-catalog-240624
3845	picontransparentwhite-220x132-19.2E_by_chocholousek.7z	220x132	transparentwhite	19.2E	https://picon.cz/download/3845/	core	bundled-catalog-240624
3847	picontransparentwhite-220x132-PolandDTT_by_chocholousek.7z	220x132	transparentwhite	PolandDTT	https://picon.cz/download/3847/	core	bundled-catalog-240624
3849	picontransparentwhite-220x132-21.5E_by_chocholousek.7z	220x132	transparentwhite	21.5E	https://picon.cz/download/3849/	core	bundled-catalog-240624
3851	picontransparentwhite-220x132-22.0W_by_chocholousek.7z	220x132	transparentwhite	22.0W	https://picon.cz/download/3851/	core	bundled-catalog-240624
3853	picontransparentwhite-220x132-23.5E_by_chocholousek.7z	220x132	transparentwhite	23.5E	https://picon.cz/download/3853/	core	bundled-catalog-240624
3855	picontransparentwhite-220x132-24.5W_by_chocholousek.7z	220x132	transparentwhite	24.5W	https://picon.cz/download/3855/	core	bundled-catalog-240624
3857	picontransparentwhite-220x132-26.0E_by_chocholousek.7z	220x132	transparentwhite	26.0E	https://picon.cz/download/3857/	core	bundled-catalog-240624
3859	picontransparentwhite-220x132-27.5W_by_chocholousek.7z	220x132	transparentwhite	27.5W	https://picon.cz/download/3859/	core	bundled-catalog-240624
3861	picontransparentwhite-220x132-28.2E_by_chocholousek.7z	220x132	transparentwhite	28.2E	https://picon.cz/download/3861/	core	bundled-catalog-240624
3863	picontransparentwhite-220x132-30.0W_by_chocholousek.7z	220x132	transparentwhite	30.0W	https://picon.cz/download/3863/	core	bundled-catalog-240624
3865	picontransparentwhite-220x132-30.5E_by_chocholousek.7z	220x132	transparentwhite	30.5E	https://picon.cz/download/3865/	core	bundled-catalog-240624
3867	picontransparentwhite-220x132-31.5E_by_chocholousek.7z	220x132	transparentwhite	31.5E	https://picon.cz/download/3867/	core	bundled-catalog-240624
3869	picontransparentwhite-220x132-33.0E_by_chocholousek.7z	220x132	transparentwhite	33.0E	https://picon.cz/download/3869/	core	bundled-catalog-240624
3871	picontransparentwhite-220x132-36.0E_by_chocholousek.7z	220x132	transparentwhite	36.0E	https://picon.cz/download/3871/	core	bundled-catalog-240624
3873	picontransparentwhite-220x132-39.0E_by_chocholousek.7z	220x132	transparentwhite	39.0E	https://picon.cz/download/3873/	core	bundled-catalog-240624
3875	picontransparentwhite-220x132-42.0E_by_chocholousek.7z	220x132	transparentwhite	42.0E	https://picon.cz/download/3875/	core	bundled-catalog-240624
3877	picontransparentwhite-220x132-45.0E_by_chocholousek.7z	220x132	transparentwhite	45.0E	https://picon.cz/download/3877/	core	bundled-catalog-240624
3881	picontransparentwhite-220x132-46.0E_by_chocholousek.7z	220x132	transparentwhite	46.0E	https://picon.cz/download/3881/	core	bundled-catalog-240624
3883	picontransparentwhite-220x132-51.5E_by_chocholousek.7z	220x132	transparentwhite	51.5E	https://picon.cz/download/3883/	core	bundled-catalog-240624
3885	picontransparentwhite-220x132-52.0E_by_chocholousek.7z	220x132	transparentwhite	52.0E	https://picon.cz/download/3885/	core	bundled-catalog-240624
3887	picontransparentwhite-220x132-52.5E_by_chocholousek.7z	220x132	transparentwhite	52.5E	https://picon.cz/download/3887/	core	bundled-catalog-240624
3889	picontransparentwhite-220x132-53.0E_by_chocholousek.7z	220x132	transparentwhite	53.0E	https://picon.cz/download/3889/	core	bundled-catalog-240624
3891	picontransparentwhite-220x132-54.9E_by_chocholousek.7z	220x132	transparentwhite	54.9E	https://picon.cz/download/3891/	core	bundled-catalog-240624
3893	picontransparentwhite-220x132-56.0E_by_chocholousek.7z	220x132	transparentwhite	56.0E	https://picon.cz/download/3893/	core	bundled-catalog-240624
3895	picontransparentwhite-220x132-62.0E_by_chocholousek.7z	220x132	transparentwhite	62.0E	https://picon.cz/download/3895/	core	bundled-catalog-240624
3897	picontransparentwhite-220x132-66.0E_by_chocholousek.7z	220x132	transparentwhite	66.0E	https://picon.cz/download/3897/	core	bundled-catalog-240624
3899	picontransparentwhite-220x132-68.5E_by_chocholousek.7z	220x132	transparentwhite	68.5E	https://picon.cz/download/3899/	core	bundled-catalog-240624
3901	picontransparentwhite-220x132-70.5E_by_chocholousek.7z	220x132	transparentwhite	70.5E	https://picon.cz/download/3901/	core	bundled-catalog-240624
3905	picontransparentwhite-220x132-75.0E_by_chocholousek.7z	220x132	transparentwhite	75.0E	https://picon.cz/download/3905/	core	bundled-catalog-240624
3907	picontransparentwhite-220x132-80.0E_by_chocholousek.7z	220x132	transparentwhite	80.0E	https://picon.cz/download/3907/	core	bundled-catalog-240624
3911	picontransparentwhite-220x132-antiksat_by_chocholousek.7z	220x132	transparentwhite	antiksat	https://picon.cz/download/3911/	core	bundled-catalog-240624
3913	picontransparentwhite-220x132-digiczsk_by_chocholousek.7z	220x132	transparentwhite	digiczsk	https://picon.cz/download/3913/	core	bundled-catalog-240624
3915	picontransparentwhite-220x132-ItaliaDTT_by_chocholousek.7z	220x132	transparentwhite	ItaliaDTT	https://picon.cz/download/3915/	core	bundled-catalog-240624
3917	picontransparentwhite-220x132-czskDTT_by_chocholousek.7z	220x132	transparentwhite	czskDTT	https://picon.cz/download/3917/	core	bundled-catalog-240624
3919	picontransparentwhite-220x132-freeSAT_by_chocholousek.7z	220x132	transparentwhite	freeSAT	https://picon.cz/download/3919/	core	bundled-catalog-240624
3923	picontransparentwhite-220x132-skylink_by_chocholousek.7z	220x132	transparentwhite	skylink	https://picon.cz/download/3923/	core	bundled-catalog-240624
3928	piconoled-96x64-0.8W_by_chocholousek.7z	96x64	oled	0.8W	https://picon.cz/download/3928/	core	bundled-catalog-240624
3930	piconoled-96x64-1.0W_by_chocholousek.7z	96x64	oled	1.0W	https://picon.cz/download/3930/	core	bundled-catalog-240624
3932	piconoled-96x64-1.9E_by_chocholousek.7z	96x64	oled	1.9E	https://picon.cz/download/3932/	core	bundled-catalog-240624
3934	piconoled-96x64-3.0E_by_chocholousek.7z	96x64	oled	3.0E	https://picon.cz/download/3934/	core	bundled-catalog-240624
3940	piconoled-96x64-4.0W_by_chocholousek.7z	96x64	oled	4.0W	https://picon.cz/download/3940/	core	bundled-catalog-240624
3942	piconoled-96x64-4.8E_by_chocholousek.7z	96x64	oled	4.8E	https://picon.cz/download/3942/	core	bundled-catalog-240624
3944	piconoled-96x64-4.9E_by_chocholousek.7z	96x64	oled	4.9E	https://picon.cz/download/3944/	core	bundled-catalog-240624
3946	piconoled-96x64-5.0W_by_chocholousek.7z	96x64	oled	5.0W	https://picon.cz/download/3946/	core	bundled-catalog-240624
3948	piconoled-96x64-7.0E_by_chocholousek.7z	96x64	oled	7.0E	https://picon.cz/download/3948/	core	bundled-catalog-240624
3950	piconoled-96x64-7.0W_by_chocholousek.7z	96x64	oled	7.0W	https://picon.cz/download/3950/	core	bundled-catalog-240624
3952	piconoled-96x64-8.0W_by_chocholousek.7z	96x64	oled	8.0W	https://picon.cz/download/3952/	core	bundled-catalog-240624
3954	piconoled-96x64-9.0E_by_chocholousek.7z	96x64	oled	9.0E	https://picon.cz/download/3954/	core	bundled-catalog-240624
3956	piconoled-96x64-10.0E_by_chocholousek.7z	96x64	oled	10.0E	https://picon.cz/download/3956/	core	bundled-catalog-240624
3958	piconoled-96x64-GermanyDTT_by_chocholousek.7z	96x64	oled	GermanyDTT	https://picon.cz/download/3958/	core	bundled-catalog-240624
3960	piconoled-96x64-FranceDTT_by_chocholousek.7z	96x64	oled	FranceDTT	https://picon.cz/download/3960/	core	bundled-catalog-240624
3962	piconoled-96x64-13.0E_by_chocholousek.7z	96x64	oled	13.0E	https://picon.cz/download/3962/	core	bundled-catalog-240624
3964	piconoled-96x64-14.0W_by_chocholousek.7z	96x64	oled	14.0W	https://picon.cz/download/3964/	core	bundled-catalog-240624
3966	piconoled-96x64-15.0W_by_chocholousek.7z	96x64	oled	15.0W	https://picon.cz/download/3966/	core	bundled-catalog-240624
3968	piconoled-96x64-16.0E_by_chocholousek.7z	96x64	oled	16.0E	https://picon.cz/download/3968/	core	bundled-catalog-240624
3972	piconoled-96x64-19.2E_by_chocholousek.7z	96x64	oled	19.2E	https://picon.cz/download/3972/	core	bundled-catalog-240624
3974	piconoled-96x64-PolandDTT_by_chocholousek.7z	96x64	oled	PolandDTT	https://picon.cz/download/3974/	core	bundled-catalog-240624
3976	piconoled-96x64-21.5E_by_chocholousek.7z	96x64	oled	21.5E	https://picon.cz/download/3976/	core	bundled-catalog-240624
3978	piconoled-96x64-22.0W_by_chocholousek.7z	96x64	oled	22.0W	https://picon.cz/download/3978/	core	bundled-catalog-240624
3980	piconoled-96x64-23.5E_by_chocholousek.7z	96x64	oled	23.5E	https://picon.cz/download/3980/	core	bundled-catalog-240624
3982	piconoled-96x64-24.5W_by_chocholousek.7z	96x64	oled	24.5W	https://picon.cz/download/3982/	core	bundled-catalog-240624
3984	piconoled-96x64-26.0E_by_chocholousek.7z	96x64	oled	26.0E	https://picon.cz/download/3984/	core	bundled-catalog-240624
3986	piconoled-96x64-27.5W_by_chocholousek.7z	96x64	oled	27.5W	https://picon.cz/download/3986/	core	bundled-catalog-240624
3988	piconoled-96x64-28.2E_by_chocholousek.7z	96x64	oled	28.2E	https://picon.cz/download/3988/	core	bundled-catalog-240624
3990	piconoled-96x64-30.0W_by_chocholousek.7z	96x64	oled	30.0W	https://picon.cz/download/3990/	core	bundled-catalog-240624
3992	piconoled-96x64-30.5E_by_chocholousek.7z	96x64	oled	30.5E	https://picon.cz/download/3992/	core	bundled-catalog-240624
3994	piconoled-96x64-31.5E_by_chocholousek.7z	96x64	oled	31.5E	https://picon.cz/download/3994/	core	bundled-catalog-240624
3996	piconoled-96x64-33.0E_by_chocholousek.7z	96x64	oled	33.0E	https://picon.cz/download/3996/	core	bundled-catalog-240624
3998	piconoled-96x64-36.0E_by_chocholousek.7z	96x64	oled	36.0E	https://picon.cz/download/3998/	core	bundled-catalog-240624
4000	piconoled-96x64-39.0E_by_chocholousek.7z	96x64	oled	39.0E	https://picon.cz/download/4000/	core	bundled-catalog-240624
4002	piconoled-96x64-42.0E_by_chocholousek.7z	96x64	oled	42.0E	https://picon.cz/download/4002/	core	bundled-catalog-240624
4004	piconoled-96x64-45.0E_by_chocholousek.7z	96x64	oled	45.0E	https://picon.cz/download/4004/	core	bundled-catalog-240624
4008	piconoled-96x64-46.0E_by_chocholousek.7z	96x64	oled	46.0E	https://picon.cz/download/4008/	core	bundled-catalog-240624
4010	piconoled-96x64-51.5E_by_chocholousek.7z	96x64	oled	51.5E	https://picon.cz/download/4010/	core	bundled-catalog-240624
4012	piconoled-96x64-52.0E_by_chocholousek.7z	96x64	oled	52.0E	https://picon.cz/download/4012/	core	bundled-catalog-240624
4014	piconoled-96x64-52.5E_by_chocholousek.7z	96x64	oled	52.5E	https://picon.cz/download/4014/	core	bundled-catalog-240624
4016	piconoled-96x64-53.0E_by_chocholousek.7z	96x64	oled	53.0E	https://picon.cz/download/4016/	core	bundled-catalog-240624
4018	piconoled-96x64-54.9E_by_chocholousek.7z	96x64	oled	54.9E	https://picon.cz/download/4018/	core	bundled-catalog-240624
4020	piconoled-96x64-56.0E_by_chocholousek.7z	96x64	oled	56.0E	https://picon.cz/download/4020/	core	bundled-catalog-240624
4022	piconoled-96x64-62.0E_by_chocholousek.7z	96x64	oled	62.0E	https://picon.cz/download/4022/	core	bundled-catalog-240624
4024	piconoled-96x64-66.0E_by_chocholousek.7z	96x64	oled	66.0E	https://picon.cz/download/4024/	core	bundled-catalog-240624
4026	piconoled-96x64-68.5E_by_chocholousek.7z	96x64	oled	68.5E	https://picon.cz/download/4026/	core	bundled-catalog-240624
4028	piconoled-96x64-70.5E_by_chocholousek.7z	96x64	oled	70.5E	https://picon.cz/download/4028/	core	bundled-catalog-240624
4032	piconoled-96x64-75.0E_by_chocholousek.7z	96x64	oled	75.0E	https://picon.cz/download/4032/	core	bundled-catalog-240624
4034	piconoled-96x64-80.0E_by_chocholousek.7z	96x64	oled	80.0E	https://picon.cz/download/4034/	core	bundled-catalog-240624
4038	piconoled-96x64-antiksat_by_chocholousek.7z	96x64	oled	antiksat	https://picon.cz/download/4038/	core	bundled-catalog-240624
4040	piconoled-96x64-digiczsk_by_chocholousek.7z	96x64	oled	digiczsk	https://picon.cz/download/4040/	core	bundled-catalog-240624
4042	piconoled-96x64-ItaliaDTT_by_chocholousek.7z	96x64	oled	ItaliaDTT	https://picon.cz/download/4042/	core	bundled-catalog-240624
4044	piconoled-96x64-czskDTT_by_chocholousek.7z	96x64	oled	czskDTT	https://picon.cz/download/4044/	core	bundled-catalog-240624
4046	piconoled-96x64-freeSAT_by_chocholousek.7z	96x64	oled	freeSAT	https://picon.cz/download/4046/	core	bundled-catalog-240624
4048	piconoled-96x64-orangesat_by_chocholousek.7z	96x64	oled	orangesat	https://picon.cz/download/4048/	core	bundled-catalog-240624
4050	piconoled-96x64-skylink_by_chocholousek.7z	96x64	oled	skylink	https://picon.cz/download/4050/	core	bundled-catalog-240624
4054	piconblack3d-400x240-0.8W_by_chocholousek.7z	400x240	black3d	0.8W	https://picon.cz/download/4054/	core	bundled-catalog-240624
4056	piconblack3d-400x240-1.0W_by_chocholousek.7z	400x240	black3d	1.0W	https://picon.cz/download/4056/	core	bundled-catalog-240624
4058	piconblack3d-400x240-1.9E_by_chocholousek.7z	400x240	black3d	1.9E	https://picon.cz/download/4058/	core	bundled-catalog-240624
4060	piconblack3d-400x240-3.0E_by_chocholousek.7z	400x240	black3d	3.0E	https://picon.cz/download/4060/	core	bundled-catalog-240624
4066	piconblack3d-400x240-4.0W_by_chocholousek.7z	400x240	black3d	4.0W	https://picon.cz/download/4066/	core	bundled-catalog-240624
4068	piconblack3d-400x240-4.8E_by_chocholousek.7z	400x240	black3d	4.8E	https://picon.cz/download/4068/	core	bundled-catalog-240624
4070	piconblack3d-400x240-4.9E_by_chocholousek.7z	400x240	black3d	4.9E	https://picon.cz/download/4070/	core	bundled-catalog-240624
4072	piconblack3d-400x240-5.0W_by_chocholousek.7z	400x240	black3d	5.0W	https://picon.cz/download/4072/	core	bundled-catalog-240624
4074	piconblack3d-400x240-7.0E_by_chocholousek.7z	400x240	black3d	7.0E	https://picon.cz/download/4074/	core	bundled-catalog-240624
4076	piconblack3d-400x240-7.0W_by_chocholousek.7z	400x240	black3d	7.0W	https://picon.cz/download/4076/	core	bundled-catalog-240624
4078	piconblack3d-400x240-8.0W_by_chocholousek.7z	400x240	black3d	8.0W	https://picon.cz/download/4078/	core	bundled-catalog-240624
4080	piconblack3d-400x240-9.0E_by_chocholousek.7z	400x240	black3d	9.0E	https://picon.cz/download/4080/	core	bundled-catalog-240624
4082	piconblack3d-400x240-10.0E_by_chocholousek.7z	400x240	black3d	10.0E	https://picon.cz/download/4082/	core	bundled-catalog-240624
4084	piconblack3d-400x240-GermanyDTT_by_chocholousek.7z	400x240	black3d	GermanyDTT	https://picon.cz/download/4084/	core	bundled-catalog-240624
4086	piconblack3d-400x240-FranceDTT_by_chocholousek.7z	400x240	black3d	FranceDTT	https://picon.cz/download/4086/	core	bundled-catalog-240624
4088	piconblack3d-400x240-13.0E_by_chocholousek.7z	400x240	black3d	13.0E	https://picon.cz/download/4088/	core	bundled-catalog-240624
4090	piconblack3d-400x240-14.0W_by_chocholousek.7z	400x240	black3d	14.0W	https://picon.cz/download/4090/	core	bundled-catalog-240624
4092	piconblack3d-400x240-15.0W_by_chocholousek.7z	400x240	black3d	15.0W	https://picon.cz/download/4092/	core	bundled-catalog-240624
4094	piconblack3d-400x240-16.0E_by_chocholousek.7z	400x240	black3d	16.0E	https://picon.cz/download/4094/	core	bundled-catalog-240624
4098	piconblack3d-400x240-19.2E_by_chocholousek.7z	400x240	black3d	19.2E	https://picon.cz/download/4098/	core	bundled-catalog-240624
4100	piconblack3d-400x240-PolandDTT_by_chocholousek.7z	400x240	black3d	PolandDTT	https://picon.cz/download/4100/	core	bundled-catalog-240624
4102	piconblack3d-400x240-21.5E_by_chocholousek.7z	400x240	black3d	21.5E	https://picon.cz/download/4102/	core	bundled-catalog-240624
4104	piconblack3d-400x240-22.0W_by_chocholousek.7z	400x240	black3d	22.0W	https://picon.cz/download/4104/	core	bundled-catalog-240624
4106	piconblack3d-400x240-23.5E_by_chocholousek.7z	400x240	black3d	23.5E	https://picon.cz/download/4106/	core	bundled-catalog-240624
4108	piconblack3d-400x240-24.5W_by_chocholousek.7z	400x240	black3d	24.5W	https://picon.cz/download/4108/	core	bundled-catalog-240624
4110	piconblack3d-400x240-26.0E_by_chocholousek.7z	400x240	black3d	26.0E	https://picon.cz/download/4110/	core	bundled-catalog-240624
4112	piconblack3d-400x240-27.5W_by_chocholousek.7z	400x240	black3d	27.5W	https://picon.cz/download/4112/	core	bundled-catalog-240624
4114	piconblack3d-400x240-28.2E_by_chocholousek.7z	400x240	black3d	28.2E	https://picon.cz/download/4114/	core	bundled-catalog-240624
4116	piconblack3d-400x240-30.0W_by_chocholousek.7z	400x240	black3d	30.0W	https://picon.cz/download/4116/	core	bundled-catalog-240624
4118	piconblack3d-400x240-30.5E_by_chocholousek.7z	400x240	black3d	30.5E	https://picon.cz/download/4118/	core	bundled-catalog-240624
4120	piconblack3d-400x240-31.5E_by_chocholousek.7z	400x240	black3d	31.5E	https://picon.cz/download/4120/	core	bundled-catalog-240624
4122	piconblack3d-400x240-33.0E_by_chocholousek.7z	400x240	black3d	33.0E	https://picon.cz/download/4122/	core	bundled-catalog-240624
4124	piconblack3d-400x240-36.0E_by_chocholousek.7z	400x240	black3d	36.0E	https://picon.cz/download/4124/	core	bundled-catalog-240624
4126	piconblack3d-400x240-39.0E_by_chocholousek.7z	400x240	black3d	39.0E	https://picon.cz/download/4126/	core	bundled-catalog-240624
4128	piconblack3d-400x240-42.0E_by_chocholousek.7z	400x240	black3d	42.0E	https://picon.cz/download/4128/	core	bundled-catalog-240624
4130	piconblack3d-400x240-45.0E_by_chocholousek.7z	400x240	black3d	45.0E	https://picon.cz/download/4130/	core	bundled-catalog-240624
4134	piconblack3d-400x240-46.0E_by_chocholousek.7z	400x240	black3d	46.0E	https://picon.cz/download/4134/	core	bundled-catalog-240624
4136	piconblack3d-400x240-51.5E_by_chocholousek.7z	400x240	black3d	51.5E	https://picon.cz/download/4136/	core	bundled-catalog-240624
4138	piconblack3d-400x240-52.0E_by_chocholousek.7z	400x240	black3d	52.0E	https://picon.cz/download/4138/	core	bundled-catalog-240624
4140	piconblack3d-400x240-52.5E_by_chocholousek.7z	400x240	black3d	52.5E	https://picon.cz/download/4140/	core	bundled-catalog-240624
4142	piconblack3d-400x240-53.0E_by_chocholousek.7z	400x240	black3d	53.0E	https://picon.cz/download/4142/	core	bundled-catalog-240624
4144	piconblack3d-400x240-54.9E_by_chocholousek.7z	400x240	black3d	54.9E	https://picon.cz/download/4144/	core	bundled-catalog-240624
4146	piconblack3d-400x240-56.0E_by_chocholousek.7z	400x240	black3d	56.0E	https://picon.cz/download/4146/	core	bundled-catalog-240624
4148	piconblack3d-400x240-62.0E_by_chocholousek.7z	400x240	black3d	62.0E	https://picon.cz/download/4148/	core	bundled-catalog-240624
4150	piconblack3d-400x240-66.0E_by_chocholousek.7z	400x240	black3d	66.0E	https://picon.cz/download/4150/	core	bundled-catalog-240624
4152	piconblack3d-400x240-68.5E_by_chocholousek.7z	400x240	black3d	68.5E	https://picon.cz/download/4152/	core	bundled-catalog-240624
4154	piconblack3d-400x240-70.5E_by_chocholousek.7z	400x240	black3d	70.5E	https://picon.cz/download/4154/	core	bundled-catalog-240624
4158	piconblack3d-400x240-75.0E_by_chocholousek.7z	400x240	black3d	75.0E	https://picon.cz/download/4158/	core	bundled-catalog-240624
4160	piconblack3d-400x240-80.0E_by_chocholousek.7z	400x240	black3d	80.0E	https://picon.cz/download/4160/	core	bundled-catalog-240624
4164	piconblack3d-400x240-antiksat_by_chocholousek.7z	400x240	black3d	antiksat	https://picon.cz/download/4164/	core	bundled-catalog-240624
4166	piconblack3d-400x240-digiczsk_by_chocholousek.7z	400x240	black3d	digiczsk	https://picon.cz/download/4166/	core	bundled-catalog-240624
4168	piconblack3d-400x240-ItaliaDTT_by_chocholousek.7z	400x240	black3d	ItaliaDTT	https://picon.cz/download/4168/	core	bundled-catalog-240624
4170	piconblack3d-400x240-czskDTT_by_chocholousek.7z	400x240	black3d	czskDTT	https://picon.cz/download/4170/	core	bundled-catalog-240624
4172	piconblack3d-400x240-freeSAT_by_chocholousek.7z	400x240	black3d	freeSAT	https://picon.cz/download/4172/	core	bundled-catalog-240624
4176	piconblack3d-400x240-skylink_by_chocholousek.7z	400x240	black3d	skylink	https://picon.cz/download/4176/	core	bundled-catalog-240624
4180	piconwhite-150x90-0.8W_by_chocholousek.7z	150x90	white	0.8W	https://picon.cz/download/4180/	core	bundled-catalog-240624
4182	piconwhite-150x90-1.0W_by_chocholousek.7z	150x90	white	1.0W	https://picon.cz/download/4182/	core	bundled-catalog-240624
4184	piconwhite-150x90-1.9E_by_chocholousek.7z	150x90	white	1.9E	https://picon.cz/download/4184/	core	bundled-catalog-240624
4186	piconwhite-150x90-3.0E_by_chocholousek.7z	150x90	white	3.0E	https://picon.cz/download/4186/	core	bundled-catalog-240624
4192	piconwhite-150x90-4.0W_by_chocholousek.7z	150x90	white	4.0W	https://picon.cz/download/4192/	core	bundled-catalog-240624
4194	piconwhite-150x90-4.8E_by_chocholousek.7z	150x90	white	4.8E	https://picon.cz/download/4194/	core	bundled-catalog-240624
4196	piconwhite-150x90-4.9E_by_chocholousek.7z	150x90	white	4.9E	https://picon.cz/download/4196/	core	bundled-catalog-240624
4198	piconwhite-150x90-5.0W_by_chocholousek.7z	150x90	white	5.0W	https://picon.cz/download/4198/	core	bundled-catalog-240624
4200	piconwhite-150x90-7.0E_by_chocholousek.7z	150x90	white	7.0E	https://picon.cz/download/4200/	core	bundled-catalog-240624
4202	piconwhite-150x90-7.0W_by_chocholousek.7z	150x90	white	7.0W	https://picon.cz/download/4202/	core	bundled-catalog-240624
4204	piconwhite-150x90-8.0W_by_chocholousek.7z	150x90	white	8.0W	https://picon.cz/download/4204/	core	bundled-catalog-240624
4206	piconwhite-150x90-9.0E_by_chocholousek.7z	150x90	white	9.0E	https://picon.cz/download/4206/	core	bundled-catalog-240624
4208	piconwhite-150x90-10.0E_by_chocholousek.7z	150x90	white	10.0E	https://picon.cz/download/4208/	core	bundled-catalog-240624
4210	piconwhite-150x90-GermanyDTT_by_chocholousek.7z	150x90	white	GermanyDTT	https://picon.cz/download/4210/	core	bundled-catalog-240624
4212	piconwhite-150x90-FranceDTT_by_chocholousek.7z	150x90	white	FranceDTT	https://picon.cz/download/4212/	core	bundled-catalog-240624
4214	piconwhite-150x90-13.0E_by_chocholousek.7z	150x90	white	13.0E	https://picon.cz/download/4214/	core	bundled-catalog-240624
4216	piconwhite-150x90-14.0W_by_chocholousek.7z	150x90	white	14.0W	https://picon.cz/download/4216/	core	bundled-catalog-240624
4218	piconwhite-150x90-15.0W_by_chocholousek.7z	150x90	white	15.0W	https://picon.cz/download/4218/	core	bundled-catalog-240624
4220	piconwhite-150x90-16.0E_by_chocholousek.7z	150x90	white	16.0E	https://picon.cz/download/4220/	core	bundled-catalog-240624
4224	piconwhite-150x90-19.2E_by_chocholousek.7z	150x90	white	19.2E	https://picon.cz/download/4224/	core	bundled-catalog-240624
4226	piconwhite-150x90-PolandDTT_by_chocholousek.7z	150x90	white	PolandDTT	https://picon.cz/download/4226/	core	bundled-catalog-240624
4228	piconwhite-150x90-21.5E_by_chocholousek.7z	150x90	white	21.5E	https://picon.cz/download/4228/	core	bundled-catalog-240624
4230	piconwhite-150x90-22.0W_by_chocholousek.7z	150x90	white	22.0W	https://picon.cz/download/4230/	core	bundled-catalog-240624
4232	piconwhite-150x90-23.5E_by_chocholousek.7z	150x90	white	23.5E	https://picon.cz/download/4232/	core	bundled-catalog-240624
4234	piconwhite-150x90-24.5W_by_chocholousek.7z	150x90	white	24.5W	https://picon.cz/download/4234/	core	bundled-catalog-240624
4236	piconwhite-150x90-26.0E_by_chocholousek.7z	150x90	white	26.0E	https://picon.cz/download/4236/	core	bundled-catalog-240624
4238	piconwhite-150x90-27.5W_by_chocholousek.7z	150x90	white	27.5W	https://picon.cz/download/4238/	core	bundled-catalog-240624
4240	piconwhite-150x90-28.2E_by_chocholousek.7z	150x90	white	28.2E	https://picon.cz/download/4240/	core	bundled-catalog-240624
4242	piconwhite-150x90-30.0W_by_chocholousek.7z	150x90	white	30.0W	https://picon.cz/download/4242/	core	bundled-catalog-240624
4244	piconwhite-150x90-30.5E_by_chocholousek.7z	150x90	white	30.5E	https://picon.cz/download/4244/	core	bundled-catalog-240624
4246	piconwhite-150x90-31.5E_by_chocholousek.7z	150x90	white	31.5E	https://picon.cz/download/4246/	core	bundled-catalog-240624
4248	piconwhite-150x90-33.0E_by_chocholousek.7z	150x90	white	33.0E	https://picon.cz/download/4248/	core	bundled-catalog-240624
4250	piconwhite-150x90-36.0E_by_chocholousek.7z	150x90	white	36.0E	https://picon.cz/download/4250/	core	bundled-catalog-240624
4252	piconwhite-150x90-39.0E_by_chocholousek.7z	150x90	white	39.0E	https://picon.cz/download/4252/	core	bundled-catalog-240624
4254	piconwhite-150x90-42.0E_by_chocholousek.7z	150x90	white	42.0E	https://picon.cz/download/4254/	core	bundled-catalog-240624
4256	piconwhite-150x90-45.0E_by_chocholousek.7z	150x90	white	45.0E	https://picon.cz/download/4256/	core	bundled-catalog-240624
4260	piconwhite-150x90-46.0E_by_chocholousek.7z	150x90	white	46.0E	https://picon.cz/download/4260/	core	bundled-catalog-240624
4262	piconwhite-150x90-51.5E_by_chocholousek.7z	150x90	white	51.5E	https://picon.cz/download/4262/	core	bundled-catalog-240624
4264	piconwhite-150x90-52.0E_by_chocholousek.7z	150x90	white	52.0E	https://picon.cz/download/4264/	core	bundled-catalog-240624
4266	piconwhite-150x90-52.5E_by_chocholousek.7z	150x90	white	52.5E	https://picon.cz/download/4266/	core	bundled-catalog-240624
4268	piconwhite-150x90-53.0E_by_chocholousek.7z	150x90	white	53.0E	https://picon.cz/download/4268/	core	bundled-catalog-240624
4270	piconwhite-150x90-54.9E_by_chocholousek.7z	150x90	white	54.9E	https://picon.cz/download/4270/	core	bundled-catalog-240624
4272	piconwhite-150x90-56.0E_by_chocholousek.7z	150x90	white	56.0E	https://picon.cz/download/4272/	core	bundled-catalog-240624
4274	piconwhite-150x90-62.0E_by_chocholousek.7z	150x90	white	62.0E	https://picon.cz/download/4274/	core	bundled-catalog-240624
4276	piconwhite-150x90-66.0E_by_chocholousek.7z	150x90	white	66.0E	https://picon.cz/download/4276/	core	bundled-catalog-240624
4278	piconwhite-150x90-68.5E_by_chocholousek.7z	150x90	white	68.5E	https://picon.cz/download/4278/	core	bundled-catalog-240624
4280	piconwhite-150x90-70.5E_by_chocholousek.7z	150x90	white	70.5E	https://picon.cz/download/4280/	core	bundled-catalog-240624
4284	piconwhite-150x90-75.0E_by_chocholousek.7z	150x90	white	75.0E	https://picon.cz/download/4284/	core	bundled-catalog-240624
4286	piconwhite-150x90-80.0E_by_chocholousek.7z	150x90	white	80.0E	https://picon.cz/download/4286/	core	bundled-catalog-240624
4290	piconwhite-150x90-antiksat_by_chocholousek.7z	150x90	white	antiksat	https://picon.cz/download/4290/	core	bundled-catalog-240624
4292	piconwhite-150x90-digiczsk_by_chocholousek.7z	150x90	white	digiczsk	https://picon.cz/download/4292/	core	bundled-catalog-240624
4294	piconwhite-150x90-ItaliaDTT_by_chocholousek.7z	150x90	white	ItaliaDTT	https://picon.cz/download/4294/	core	bundled-catalog-240624
4296	piconwhite-150x90-czskDTT_by_chocholousek.7z	150x90	white	czskDTT	https://picon.cz/download/4296/	core	bundled-catalog-240624
4298	piconwhite-150x90-freeSAT_by_chocholousek.7z	150x90	white	freeSAT	https://picon.cz/download/4298/	core	bundled-catalog-240624
4302	piconwhite-150x90-skylink_by_chocholousek.7z	150x90	white	skylink	https://picon.cz/download/4302/	core	bundled-catalog-240624
4314	picontransparent-400x170-0.8W_by_chocholousek.7z	400x170	transparent	0.8W	https://picon.cz/download/4314/	core	bundled-catalog-240624
4316	picontransparent-400x170-1.0W_by_chocholousek.7z	400x170	transparent	1.0W	https://picon.cz/download/4316/	core	bundled-catalog-240624
4318	picontransparent-400x170-1.9E_by_chocholousek.7z	400x170	transparent	1.9E	https://picon.cz/download/4318/	core	bundled-catalog-240624
4320	picontransparent-400x170-3.0E_by_chocholousek.7z	400x170	transparent	3.0E	https://picon.cz/download/4320/	core	bundled-catalog-240624
4326	picontransparent-400x170-4.0W_by_chocholousek.7z	400x170	transparent	4.0W	https://picon.cz/download/4326/	core	bundled-catalog-240624
4328	picontransparent-400x170-4.8E_by_chocholousek.7z	400x170	transparent	4.8E	https://picon.cz/download/4328/	core	bundled-catalog-240624
4330	picontransparent-400x170-4.9E_by_chocholousek.7z	400x170	transparent	4.9E	https://picon.cz/download/4330/	core	bundled-catalog-240624
4332	picontransparent-400x170-5.0W_by_chocholousek.7z	400x170	transparent	5.0W	https://picon.cz/download/4332/	core	bundled-catalog-240624
4334	picontransparent-400x170-7.0E_by_chocholousek.7z	400x170	transparent	7.0E	https://picon.cz/download/4334/	core	bundled-catalog-240624
4336	picontransparent-400x170-7.0W_by_chocholousek.7z	400x170	transparent	7.0W	https://picon.cz/download/4336/	core	bundled-catalog-240624
4338	picontransparent-400x170-8.0W_by_chocholousek.7z	400x170	transparent	8.0W	https://picon.cz/download/4338/	core	bundled-catalog-240624
4340	picontransparent-400x170-9.0E_by_chocholousek.7z	400x170	transparent	9.0E	https://picon.cz/download/4340/	core	bundled-catalog-240624
4342	picontransparent-400x170-10.0E_by_chocholousek.7z	400x170	transparent	10.0E	https://picon.cz/download/4342/	core	bundled-catalog-240624
4344	picontransparent-400x170-GermanyDTT_by_chocholousek.7z	400x170	transparent	GermanyDTT	https://picon.cz/download/4344/	core	bundled-catalog-240624
4346	picontransparent-400x170-FranceDTT_by_chocholousek.7z	400x170	transparent	FranceDTT	https://picon.cz/download/4346/	core	bundled-catalog-240624
4348	picontransparent-400x170-13.0E_by_chocholousek.7z	400x170	transparent	13.0E	https://picon.cz/download/4348/	core	bundled-catalog-240624
4350	picontransparent-400x170-14.0W_by_chocholousek.7z	400x170	transparent	14.0W	https://picon.cz/download/4350/	core	bundled-catalog-240624
4352	picontransparent-400x170-15.0W_by_chocholousek.7z	400x170	transparent	15.0W	https://picon.cz/download/4352/	core	bundled-catalog-240624
4354	picontransparent-400x170-16.0E_by_chocholousek.7z	400x170	transparent	16.0E	https://picon.cz/download/4354/	core	bundled-catalog-240624
4358	picontransparent-400x170-19.2E_by_chocholousek.7z	400x170	transparent	19.2E	https://picon.cz/download/4358/	core	bundled-catalog-240624
4360	picontransparent-400x170-PolandDTT_by_chocholousek.7z	400x170	transparent	PolandDTT	https://picon.cz/download/4360/	core	bundled-catalog-240624
4362	picontransparent-400x170-21.5E_by_chocholousek.7z	400x170	transparent	21.5E	https://picon.cz/download/4362/	core	bundled-catalog-240624
4364	picontransparent-400x170-22.0W_by_chocholousek.7z	400x170	transparent	22.0W	https://picon.cz/download/4364/	core	bundled-catalog-240624
4366	picontransparent-400x170-23.5E_by_chocholousek.7z	400x170	transparent	23.5E	https://picon.cz/download/4366/	core	bundled-catalog-240624
4368	picontransparent-400x170-24.5W_by_chocholousek.7z	400x170	transparent	24.5W	https://picon.cz/download/4368/	core	bundled-catalog-240624
4370	picontransparent-400x170-26.0E_by_chocholousek.7z	400x170	transparent	26.0E	https://picon.cz/download/4370/	core	bundled-catalog-240624
4372	picontransparent-400x170-27.5W_by_chocholousek.7z	400x170	transparent	27.5W	https://picon.cz/download/4372/	core	bundled-catalog-240624
4374	picontransparent-400x170-28.2E_by_chocholousek.7z	400x170	transparent	28.2E	https://picon.cz/download/4374/	core	bundled-catalog-240624
4376	picontransparent-400x170-30.0W_by_chocholousek.7z	400x170	transparent	30.0W	https://picon.cz/download/4376/	core	bundled-catalog-240624
4378	picontransparent-400x170-30.5E_by_chocholousek.7z	400x170	transparent	30.5E	https://picon.cz/download/4378/	core	bundled-catalog-240624
4380	picontransparent-400x170-31.5E_by_chocholousek.7z	400x170	transparent	31.5E	https://picon.cz/download/4380/	core	bundled-catalog-240624
4382	picontransparent-400x170-33.0E_by_chocholousek.7z	400x170	transparent	33.0E	https://picon.cz/download/4382/	core	bundled-catalog-240624
4384	picontransparent-400x170-36.0E_by_chocholousek.7z	400x170	transparent	36.0E	https://picon.cz/download/4384/	core	bundled-catalog-240624
4386	picontransparent-400x170-39.0E_by_chocholousek.7z	400x170	transparent	39.0E	https://picon.cz/download/4386/	core	bundled-catalog-240624
4388	picontransparent-400x170-42.0E_by_chocholousek.7z	400x170	transparent	42.0E	https://picon.cz/download/4388/	core	bundled-catalog-240624
4390	picontransparent-400x170-45.0E_by_chocholousek.7z	400x170	transparent	45.0E	https://picon.cz/download/4390/	core	bundled-catalog-240624
4394	picontransparent-400x170-46.0E_by_chocholousek.7z	400x170	transparent	46.0E	https://picon.cz/download/4394/	core	bundled-catalog-240624
4396	picontransparent-400x170-51.5E_by_chocholousek.7z	400x170	transparent	51.5E	https://picon.cz/download/4396/	core	bundled-catalog-240624
4398	picontransparent-400x170-52.0E_by_chocholousek.7z	400x170	transparent	52.0E	https://picon.cz/download/4398/	core	bundled-catalog-240624
4400	picontransparent-400x170-52.5E_by_chocholousek.7z	400x170	transparent	52.5E	https://picon.cz/download/4400/	core	bundled-catalog-240624
4402	picontransparent-400x170-53.0E_by_chocholousek.7z	400x170	transparent	53.0E	https://picon.cz/download/4402/	core	bundled-catalog-240624
4404	picontransparent-400x170-54.9E_by_chocholousek.7z	400x170	transparent	54.9E	https://picon.cz/download/4404/	core	bundled-catalog-240624
4406	picontransparent-400x170-56.0E_by_chocholousek.7z	400x170	transparent	56.0E	https://picon.cz/download/4406/	core	bundled-catalog-240624
4408	picontransparent-400x170-62.0E_by_chocholousek.7z	400x170	transparent	62.0E	https://picon.cz/download/4408/	core	bundled-catalog-240624
4410	picontransparent-400x170-66.0E_by_chocholousek.7z	400x170	transparent	66.0E	https://picon.cz/download/4410/	core	bundled-catalog-240624
4412	picontransparent-400x170-68.5E_by_chocholousek.7z	400x170	transparent	68.5E	https://picon.cz/download/4412/	core	bundled-catalog-240624
4414	picontransparent-400x170-70.5E_by_chocholousek.7z	400x170	transparent	70.5E	https://picon.cz/download/4414/	core	bundled-catalog-240624
4418	picontransparent-400x170-75.0E_by_chocholousek.7z	400x170	transparent	75.0E	https://picon.cz/download/4418/	core	bundled-catalog-240624
4420	picontransparent-400x170-80.0E_by_chocholousek.7z	400x170	transparent	80.0E	https://picon.cz/download/4420/	core	bundled-catalog-240624
4424	picontransparent-400x170-antiksat_by_chocholousek.7z	400x170	transparent	antiksat	https://picon.cz/download/4424/	core	bundled-catalog-240624
4426	picontransparent-400x170-digiczsk_by_chocholousek.7z	400x170	transparent	digiczsk	https://picon.cz/download/4426/	core	bundled-catalog-240624
4428	picontransparent-400x170-ItaliaDTT_by_chocholousek.7z	400x170	transparent	ItaliaDTT	https://picon.cz/download/4428/	core	bundled-catalog-240624
4430	picontransparent-400x170-czskDTT_by_chocholousek.7z	400x170	transparent	czskDTT	https://picon.cz/download/4430/	core	bundled-catalog-240624
4432	picontransparent-400x170-freeSAT_by_chocholousek.7z	400x170	transparent	freeSAT	https://picon.cz/download/4432/	core	bundled-catalog-240624
4436	picontransparent-400x170-skylink_by_chocholousek.7z	400x170	transparent	skylink	https://picon.cz/download/4436/	core	bundled-catalog-240624
4442	picontransparent-50x30-0.8W_by_chocholousek.7z	50x30	transparent	0.8W	https://picon.cz/download/4442/	core	bundled-catalog-240624
4444	picontransparent-50x30-1.0W_by_chocholousek.7z	50x30	transparent	1.0W	https://picon.cz/download/4444/	core	bundled-catalog-240624
4446	picontransparent-50x30-1.9E_by_chocholousek.7z	50x30	transparent	1.9E	https://picon.cz/download/4446/	core	bundled-catalog-240624
4448	picontransparent-50x30-3.0E_by_chocholousek.7z	50x30	transparent	3.0E	https://picon.cz/download/4448/	core	bundled-catalog-240624
4454	picontransparent-50x30-4.0W_by_chocholousek.7z	50x30	transparent	4.0W	https://picon.cz/download/4454/	core	bundled-catalog-240624
4456	picontransparent-50x30-4.8E_by_chocholousek.7z	50x30	transparent	4.8E	https://picon.cz/download/4456/	core	bundled-catalog-240624
4458	picontransparent-50x30-4.9E_by_chocholousek.7z	50x30	transparent	4.9E	https://picon.cz/download/4458/	core	bundled-catalog-240624
4460	picontransparent-50x30-5.0W_by_chocholousek.7z	50x30	transparent	5.0W	https://picon.cz/download/4460/	core	bundled-catalog-240624
4462	picontransparent-50x30-7.0E_by_chocholousek.7z	50x30	transparent	7.0E	https://picon.cz/download/4462/	core	bundled-catalog-240624
4464	picontransparent-50x30-7.0W_by_chocholousek.7z	50x30	transparent	7.0W	https://picon.cz/download/4464/	core	bundled-catalog-240624
4466	picontransparent-50x30-8.0W_by_chocholousek.7z	50x30	transparent	8.0W	https://picon.cz/download/4466/	core	bundled-catalog-240624
4468	picontransparent-50x30-9.0E_by_chocholousek.7z	50x30	transparent	9.0E	https://picon.cz/download/4468/	core	bundled-catalog-240624
4470	picontransparent-50x30-10.0E_by_chocholousek.7z	50x30	transparent	10.0E	https://picon.cz/download/4470/	core	bundled-catalog-240624
4472	picontransparent-50x30-GermanyDTT_by_chocholousek.7z	50x30	transparent	GermanyDTT	https://picon.cz/download/4472/	core	bundled-catalog-240624
4474	picontransparent-50x30-FranceDTT_by_chocholousek.7z	50x30	transparent	FranceDTT	https://picon.cz/download/4474/	core	bundled-catalog-240624
4476	picontransparent-50x30-13.0E_by_chocholousek.7z	50x30	transparent	13.0E	https://picon.cz/download/4476/	core	bundled-catalog-240624
4478	picontransparent-50x30-14.0W_by_chocholousek.7z	50x30	transparent	14.0W	https://picon.cz/download/4478/	core	bundled-catalog-240624
4480	picontransparent-50x30-15.0W_by_chocholousek.7z	50x30	transparent	15.0W	https://picon.cz/download/4480/	core	bundled-catalog-240624
4482	picontransparent-50x30-16.0E_by_chocholousek.7z	50x30	transparent	16.0E	https://picon.cz/download/4482/	core	bundled-catalog-240624
4486	picontransparent-50x30-19.2E_by_chocholousek.7z	50x30	transparent	19.2E	https://picon.cz/download/4486/	core	bundled-catalog-240624
4488	picontransparent-50x30-PolandDTT_by_chocholousek.7z	50x30	transparent	PolandDTT	https://picon.cz/download/4488/	core	bundled-catalog-240624
4490	picontransparent-50x30-21.5E_by_chocholousek.7z	50x30	transparent	21.5E	https://picon.cz/download/4490/	core	bundled-catalog-240624
4492	picontransparent-50x30-22.0W_by_chocholousek.7z	50x30	transparent	22.0W	https://picon.cz/download/4492/	core	bundled-catalog-240624
4494	picontransparent-50x30-23.5E_by_chocholousek.7z	50x30	transparent	23.5E	https://picon.cz/download/4494/	core	bundled-catalog-240624
4496	picontransparent-50x30-24.5W_by_chocholousek.7z	50x30	transparent	24.5W	https://picon.cz/download/4496/	core	bundled-catalog-240624
4498	picontransparent-50x30-26.0E_by_chocholousek.7z	50x30	transparent	26.0E	https://picon.cz/download/4498/	core	bundled-catalog-240624
4500	picontransparent-50x30-27.5W_by_chocholousek.7z	50x30	transparent	27.5W	https://picon.cz/download/4500/	core	bundled-catalog-240624
4502	picontransparent-50x30-28.2E_by_chocholousek.7z	50x30	transparent	28.2E	https://picon.cz/download/4502/	core	bundled-catalog-240624
4504	picontransparent-50x30-30.0W_by_chocholousek.7z	50x30	transparent	30.0W	https://picon.cz/download/4504/	core	bundled-catalog-240624
4506	picontransparent-50x30-30.5E_by_chocholousek.7z	50x30	transparent	30.5E	https://picon.cz/download/4506/	core	bundled-catalog-240624
4508	picontransparent-50x30-31.5E_by_chocholousek.7z	50x30	transparent	31.5E	https://picon.cz/download/4508/	core	bundled-catalog-240624
4510	picontransparent-50x30-33.0E_by_chocholousek.7z	50x30	transparent	33.0E	https://picon.cz/download/4510/	core	bundled-catalog-240624
4512	picontransparent-50x30-36.0E_by_chocholousek.7z	50x30	transparent	36.0E	https://picon.cz/download/4512/	core	bundled-catalog-240624
4514	picontransparent-50x30-39.0E_by_chocholousek.7z	50x30	transparent	39.0E	https://picon.cz/download/4514/	core	bundled-catalog-240624
4516	picontransparent-50x30-42.0E_by_chocholousek.7z	50x30	transparent	42.0E	https://picon.cz/download/4516/	core	bundled-catalog-240624
4518	picontransparent-50x30-45.0E_by_chocholousek.7z	50x30	transparent	45.0E	https://picon.cz/download/4518/	core	bundled-catalog-240624
4522	picontransparent-50x30-46.0E_by_chocholousek.7z	50x30	transparent	46.0E	https://picon.cz/download/4522/	core	bundled-catalog-240624
4524	picontransparent-50x30-51.5E_by_chocholousek.7z	50x30	transparent	51.5E	https://picon.cz/download/4524/	core	bundled-catalog-240624
4526	picontransparent-50x30-52.0E_by_chocholousek.7z	50x30	transparent	52.0E	https://picon.cz/download/4526/	core	bundled-catalog-240624
4528	picontransparent-50x30-52.5E_by_chocholousek.7z	50x30	transparent	52.5E	https://picon.cz/download/4528/	core	bundled-catalog-240624
4530	picontransparent-50x30-53.0E_by_chocholousek.7z	50x30	transparent	53.0E	https://picon.cz/download/4530/	core	bundled-catalog-240624
4532	picontransparent-50x30-54.9E_by_chocholousek.7z	50x30	transparent	54.9E	https://picon.cz/download/4532/	core	bundled-catalog-240624
4534	picontransparent-50x30-56.0E_by_chocholousek.7z	50x30	transparent	56.0E	https://picon.cz/download/4534/	core	bundled-catalog-240624
4536	picontransparent-50x30-62.0E_by_chocholousek.7z	50x30	transparent	62.0E	https://picon.cz/download/4536/	core	bundled-catalog-240624
4538	picontransparent-50x30-66.0E_by_chocholousek.7z	50x30	transparent	66.0E	https://picon.cz/download/4538/	core	bundled-catalog-240624
4540	picontransparent-50x30-68.5E_by_chocholousek.7z	50x30	transparent	68.5E	https://picon.cz/download/4540/	core	bundled-catalog-240624
4542	picontransparent-50x30-70.5E_by_chocholousek.7z	50x30	transparent	70.5E	https://picon.cz/download/4542/	core	bundled-catalog-240624
4546	picontransparent-50x30-75.0E_by_chocholousek.7z	50x30	transparent	75.0E	https://picon.cz/download/4546/	core	bundled-catalog-240624
4548	picontransparent-50x30-80.0E_by_chocholousek.7z	50x30	transparent	80.0E	https://picon.cz/download/4548/	core	bundled-catalog-240624
4552	picontransparent-50x30-antiksat_by_chocholousek.7z	50x30	transparent	antiksat	https://picon.cz/download/4552/	core	bundled-catalog-240624
4554	picontransparent-50x30-digiczsk_by_chocholousek.7z	50x30	transparent	digiczsk	https://picon.cz/download/4554/	core	bundled-catalog-240624
4556	picontransparent-50x30-ItaliaDTT_by_chocholousek.7z	50x30	transparent	ItaliaDTT	https://picon.cz/download/4556/	core	bundled-catalog-240624
4558	picontransparent-50x30-czskDTT_by_chocholousek.7z	50x30	transparent	czskDTT	https://picon.cz/download/4558/	core	bundled-catalog-240624
4560	picontransparent-50x30-freeSAT_by_chocholousek.7z	50x30	transparent	freeSAT	https://picon.cz/download/4560/	core	bundled-catalog-240624
4564	picontransparent-50x30-skylink_by_chocholousek.7z	50x30	transparent	skylink	https://picon.cz/download/4564/	core	bundled-catalog-240624
4568	picontransparentdark-220x132-0.8W_by_chocholousek.7z	220x132	transparentdark	0.8W	https://picon.cz/download/4568/	core	bundled-catalog-240624
4570	picontransparentdark-220x132-1.0W_by_chocholousek.7z	220x132	transparentdark	1.0W	https://picon.cz/download/4570/	core	bundled-catalog-240624
4572	picontransparentdark-220x132-1.9E_by_chocholousek.7z	220x132	transparentdark	1.9E	https://picon.cz/download/4572/	core	bundled-catalog-240624
4574	picontransparentdark-220x132-3.0E_by_chocholousek.7z	220x132	transparentdark	3.0E	https://picon.cz/download/4574/	core	bundled-catalog-240624
4580	picontransparentdark-220x132-4.0W_by_chocholousek.7z	220x132	transparentdark	4.0W	https://picon.cz/download/4580/	core	bundled-catalog-240624
4582	picontransparentdark-220x132-4.8E_by_chocholousek.7z	220x132	transparentdark	4.8E	https://picon.cz/download/4582/	core	bundled-catalog-240624
4584	picontransparentdark-220x132-4.9E_by_chocholousek.7z	220x132	transparentdark	4.9E	https://picon.cz/download/4584/	core	bundled-catalog-240624
4586	picontransparentdark-220x132-5.0W_by_chocholousek.7z	220x132	transparentdark	5.0W	https://picon.cz/download/4586/	core	bundled-catalog-240624
4588	picontransparentdark-220x132-7.0E_by_chocholousek.7z	220x132	transparentdark	7.0E	https://picon.cz/download/4588/	core	bundled-catalog-240624
4590	picontransparentdark-220x132-7.0W_by_chocholousek.7z	220x132	transparentdark	7.0W	https://picon.cz/download/4590/	core	bundled-catalog-240624
4592	picontransparentdark-220x132-8.0W_by_chocholousek.7z	220x132	transparentdark	8.0W	https://picon.cz/download/4592/	core	bundled-catalog-240624
4594	picontransparentdark-220x132-9.0E_by_chocholousek.7z	220x132	transparentdark	9.0E	https://picon.cz/download/4594/	core	bundled-catalog-240624
4596	picontransparentdark-220x132-10.0E_by_chocholousek.7z	220x132	transparentdark	10.0E	https://picon.cz/download/4596/	core	bundled-catalog-240624
4598	picontransparentdark-220x132-GermanyDTT_by_chocholousek.7z	220x132	transparentdark	GermanyDTT	https://picon.cz/download/4598/	core	bundled-catalog-240624
4600	picontransparentdark-220x132-FranceDTT_by_chocholousek.7z	220x132	transparentdark	FranceDTT	https://picon.cz/download/4600/	core	bundled-catalog-240624
4602	picontransparentdark-220x132-13.0E_by_chocholousek.7z	220x132	transparentdark	13.0E	https://picon.cz/download/4602/	core	bundled-catalog-240624
4604	picontransparentdark-220x132-14.0W_by_chocholousek.7z	220x132	transparentdark	14.0W	https://picon.cz/download/4604/	core	bundled-catalog-240624
4606	picontransparentdark-220x132-15.0W_by_chocholousek.7z	220x132	transparentdark	15.0W	https://picon.cz/download/4606/	core	bundled-catalog-240624
4608	picontransparentdark-220x132-16.0E_by_chocholousek.7z	220x132	transparentdark	16.0E	https://picon.cz/download/4608/	core	bundled-catalog-240624
4612	picontransparentdark-220x132-19.2E_by_chocholousek.7z	220x132	transparentdark	19.2E	https://picon.cz/download/4612/	core	bundled-catalog-240624
4614	picontransparentdark-220x132-PolandDTT_by_chocholousek.7z	220x132	transparentdark	PolandDTT	https://picon.cz/download/4614/	core	bundled-catalog-240624
4616	picontransparentdark-220x132-21.5E_by_chocholousek.7z	220x132	transparentdark	21.5E	https://picon.cz/download/4616/	core	bundled-catalog-240624
4618	picontransparentdark-220x132-22.0W_by_chocholousek.7z	220x132	transparentdark	22.0W	https://picon.cz/download/4618/	core	bundled-catalog-240624
4620	picontransparentdark-220x132-23.5E_by_chocholousek.7z	220x132	transparentdark	23.5E	https://picon.cz/download/4620/	core	bundled-catalog-240624
4622	picontransparentdark-220x132-24.5W_by_chocholousek.7z	220x132	transparentdark	24.5W	https://picon.cz/download/4622/	core	bundled-catalog-240624
4624	picontransparentdark-220x132-26.0E_by_chocholousek.7z	220x132	transparentdark	26.0E	https://picon.cz/download/4624/	core	bundled-catalog-240624
4626	picontransparentdark-220x132-27.5W_by_chocholousek.7z	220x132	transparentdark	27.5W	https://picon.cz/download/4626/	core	bundled-catalog-240624
4628	picontransparentdark-220x132-28.2E_by_chocholousek.7z	220x132	transparentdark	28.2E	https://picon.cz/download/4628/	core	bundled-catalog-240624
4630	picontransparentdark-220x132-30.0W_by_chocholousek.7z	220x132	transparentdark	30.0W	https://picon.cz/download/4630/	core	bundled-catalog-240624
4632	picontransparentdark-220x132-30.5E_by_chocholousek.7z	220x132	transparentdark	30.5E	https://picon.cz/download/4632/	core	bundled-catalog-240624
4634	picontransparentdark-220x132-31.5E_by_chocholousek.7z	220x132	transparentdark	31.5E	https://picon.cz/download/4634/	core	bundled-catalog-240624
4636	picontransparentdark-220x132-33.0E_by_chocholousek.7z	220x132	transparentdark	33.0E	https://picon.cz/download/4636/	core	bundled-catalog-240624
4638	picontransparentdark-220x132-36.0E_by_chocholousek.7z	220x132	transparentdark	36.0E	https://picon.cz/download/4638/	core	bundled-catalog-240624
4640	picontransparentdark-220x132-39.0E_by_chocholousek.7z	220x132	transparentdark	39.0E	https://picon.cz/download/4640/	core	bundled-catalog-240624
4642	picontransparentdark-220x132-42.0E_by_chocholousek.7z	220x132	transparentdark	42.0E	https://picon.cz/download/4642/	core	bundled-catalog-240624
4644	picontransparentdark-220x132-45.0E_by_chocholousek.7z	220x132	transparentdark	45.0E	https://picon.cz/download/4644/	core	bundled-catalog-240624
4648	picontransparentdark-220x132-46.0E_by_chocholousek.7z	220x132	transparentdark	46.0E	https://picon.cz/download/4648/	core	bundled-catalog-240624
4650	picontransparentdark-220x132-51.5E_by_chocholousek.7z	220x132	transparentdark	51.5E	https://picon.cz/download/4650/	core	bundled-catalog-240624
4652	picontransparentdark-220x132-52.0E_by_chocholousek.7z	220x132	transparentdark	52.0E	https://picon.cz/download/4652/	core	bundled-catalog-240624
4654	picontransparentdark-220x132-52.5E_by_chocholousek.7z	220x132	transparentdark	52.5E	https://picon.cz/download/4654/	core	bundled-catalog-240624
4656	picontransparentdark-220x132-53.0E_by_chocholousek.7z	220x132	transparentdark	53.0E	https://picon.cz/download/4656/	core	bundled-catalog-240624
4658	picontransparentdark-220x132-54.9E_by_chocholousek.7z	220x132	transparentdark	54.9E	https://picon.cz/download/4658/	core	bundled-catalog-240624
4660	picontransparentdark-220x132-56.0E_by_chocholousek.7z	220x132	transparentdark	56.0E	https://picon.cz/download/4660/	core	bundled-catalog-240624
4662	picontransparentdark-220x132-62.0E_by_chocholousek.7z	220x132	transparentdark	62.0E	https://picon.cz/download/4662/	core	bundled-catalog-240624
4664	picontransparentdark-220x132-66.0E_by_chocholousek.7z	220x132	transparentdark	66.0E	https://picon.cz/download/4664/	core	bundled-catalog-240624
4666	picontransparentdark-220x132-68.5E_by_chocholousek.7z	220x132	transparentdark	68.5E	https://picon.cz/download/4666/	core	bundled-catalog-240624
4668	picontransparentdark-220x132-70.5E_by_chocholousek.7z	220x132	transparentdark	70.5E	https://picon.cz/download/4668/	core	bundled-catalog-240624
4672	picontransparentdark-220x132-75.0E_by_chocholousek.7z	220x132	transparentdark	75.0E	https://picon.cz/download/4672/	core	bundled-catalog-240624
4674	picontransparentdark-220x132-80.0E_by_chocholousek.7z	220x132	transparentdark	80.0E	https://picon.cz/download/4674/	core	bundled-catalog-240624
4678	picontransparentdark-220x132-antiksat_by_chocholousek.7z	220x132	transparentdark	antiksat	https://picon.cz/download/4678/	core	bundled-catalog-240624
4680	picontransparentdark-220x132-digiczsk_by_chocholousek.7z	220x132	transparentdark	digiczsk	https://picon.cz/download/4680/	core	bundled-catalog-240624
4682	picontransparentdark-220x132-ItaliaDTT_by_chocholousek.7z	220x132	transparentdark	ItaliaDTT	https://picon.cz/download/4682/	core	bundled-catalog-240624
4684	picontransparentdark-220x132-czskDTT_by_chocholousek.7z	220x132	transparentdark	czskDTT	https://picon.cz/download/4684/	core	bundled-catalog-240624
4686	picontransparentdark-220x132-freeSAT_by_chocholousek.7z	220x132	transparentdark	freeSAT	https://picon.cz/download/4686/	core	bundled-catalog-240624
4690	picontransparentdark-220x132-skylink_by_chocholousek.7z	220x132	transparentdark	skylink	https://picon.cz/download/4690/	core	bundled-catalog-240624
4818	piconmirrorglass-220x132-0.8W_by_chocholousek.7z	220x132	mirrorglass	0.8W	https://picon.cz/download/4818/	core	bundled-catalog-240624
4820	piconmirrorglass-220x132-1.0W_by_chocholousek.7z	220x132	mirrorglass	1.0W	https://picon.cz/download/4820/	core	bundled-catalog-240624
4822	piconmirrorglass-220x132-1.9E_by_chocholousek.7z	220x132	mirrorglass	1.9E	https://picon.cz/download/4822/	core	bundled-catalog-240624
4824	piconmirrorglass-220x132-3.0E_by_chocholousek.7z	220x132	mirrorglass	3.0E	https://picon.cz/download/4824/	core	bundled-catalog-240624
4830	piconmirrorglass-220x132-4.0W_by_chocholousek.7z	220x132	mirrorglass	4.0W	https://picon.cz/download/4830/	core	bundled-catalog-240624
4832	piconmirrorglass-220x132-4.8E_by_chocholousek.7z	220x132	mirrorglass	4.8E	https://picon.cz/download/4832/	core	bundled-catalog-240624
4834	piconmirrorglass-220x132-4.9E_by_chocholousek.7z	220x132	mirrorglass	4.9E	https://picon.cz/download/4834/	core	bundled-catalog-240624
4836	piconmirrorglass-220x132-5.0W_by_chocholousek.7z	220x132	mirrorglass	5.0W	https://picon.cz/download/4836/	core	bundled-catalog-240624
4838	piconmirrorglass-220x132-7.0E_by_chocholousek.7z	220x132	mirrorglass	7.0E	https://picon.cz/download/4838/	core	bundled-catalog-240624
4840	piconmirrorglass-220x132-7.0W_by_chocholousek.7z	220x132	mirrorglass	7.0W	https://picon.cz/download/4840/	core	bundled-catalog-240624
4842	piconmirrorglass-220x132-8.0W_by_chocholousek.7z	220x132	mirrorglass	8.0W	https://picon.cz/download/4842/	core	bundled-catalog-240624
4844	piconmirrorglass-220x132-9.0E_by_chocholousek.7z	220x132	mirrorglass	9.0E	https://picon.cz/download/4844/	core	bundled-catalog-240624
4846	piconmirrorglass-220x132-10.0E_by_chocholousek.7z	220x132	mirrorglass	10.0E	https://picon.cz/download/4846/	core	bundled-catalog-240624
4848	piconmirrorglass-220x132-GermanyDTT_by_chocholousek.7z	220x132	mirrorglass	GermanyDTT	https://picon.cz/download/4848/	core	bundled-catalog-240624
4850	piconmirrorglass-220x132-FranceDTT_by_chocholousek.7z	220x132	mirrorglass	FranceDTT	https://picon.cz/download/4850/	core	bundled-catalog-240624
4852	piconmirrorglass-220x132-13.0E_by_chocholousek.7z	220x132	mirrorglass	13.0E	https://picon.cz/download/4852/	core	bundled-catalog-240624
4854	piconmirrorglass-220x132-14.0W_by_chocholousek.7z	220x132	mirrorglass	14.0W	https://picon.cz/download/4854/	core	bundled-catalog-240624
4856	piconmirrorglass-220x132-15.0W_by_chocholousek.7z	220x132	mirrorglass	15.0W	https://picon.cz/download/4856/	core	bundled-catalog-240624
4858	piconmirrorglass-220x132-16.0E_by_chocholousek.7z	220x132	mirrorglass	16.0E	https://picon.cz/download/4858/	core	bundled-catalog-240624
4862	piconmirrorglass-220x132-19.2E_by_chocholousek.7z	220x132	mirrorglass	19.2E	https://picon.cz/download/4862/	core	bundled-catalog-240624
4864	piconmirrorglass-220x132-PolandDTT_by_chocholousek.7z	220x132	mirrorglass	PolandDTT	https://picon.cz/download/4864/	core	bundled-catalog-240624
4866	piconmirrorglass-220x132-21.5E_by_chocholousek.7z	220x132	mirrorglass	21.5E	https://picon.cz/download/4866/	core	bundled-catalog-240624
4868	piconmirrorglass-220x132-22.0W_by_chocholousek.7z	220x132	mirrorglass	22.0W	https://picon.cz/download/4868/	core	bundled-catalog-240624
4870	piconmirrorglass-220x132-23.5E_by_chocholousek.7z	220x132	mirrorglass	23.5E	https://picon.cz/download/4870/	core	bundled-catalog-240624
4872	piconmirrorglass-220x132-24.5W_by_chocholousek.7z	220x132	mirrorglass	24.5W	https://picon.cz/download/4872/	core	bundled-catalog-240624
4874	piconmirrorglass-220x132-26.0E_by_chocholousek.7z	220x132	mirrorglass	26.0E	https://picon.cz/download/4874/	core	bundled-catalog-240624
4876	piconmirrorglass-220x132-27.5W_by_chocholousek.7z	220x132	mirrorglass	27.5W	https://picon.cz/download/4876/	core	bundled-catalog-240624
4878	piconmirrorglass-220x132-28.2E_by_chocholousek.7z	220x132	mirrorglass	28.2E	https://picon.cz/download/4878/	core	bundled-catalog-240624
4880	piconmirrorglass-220x132-30.0W_by_chocholousek.7z	220x132	mirrorglass	30.0W	https://picon.cz/download/4880/	core	bundled-catalog-240624
4882	piconmirrorglass-220x132-30.5E_by_chocholousek.7z	220x132	mirrorglass	30.5E	https://picon.cz/download/4882/	core	bundled-catalog-240624
4884	piconmirrorglass-220x132-31.5E_by_chocholousek.7z	220x132	mirrorglass	31.5E	https://picon.cz/download/4884/	core	bundled-catalog-240624
4886	piconmirrorglass-220x132-33.0E_by_chocholousek.7z	220x132	mirrorglass	33.0E	https://picon.cz/download/4886/	core	bundled-catalog-240624
4888	piconmirrorglass-220x132-36.0E_by_chocholousek.7z	220x132	mirrorglass	36.0E	https://picon.cz/download/4888/	core	bundled-catalog-240624
4890	piconmirrorglass-220x132-39.0E_by_chocholousek.7z	220x132	mirrorglass	39.0E	https://picon.cz/download/4890/	core	bundled-catalog-240624
4892	piconmirrorglass-220x132-42.0E_by_chocholousek.7z	220x132	mirrorglass	42.0E	https://picon.cz/download/4892/	core	bundled-catalog-240624
4894	piconmirrorglass-220x132-45.0E_by_chocholousek.7z	220x132	mirrorglass	45.0E	https://picon.cz/download/4894/	core	bundled-catalog-240624
4898	piconmirrorglass-220x132-46.0E_by_chocholousek.7z	220x132	mirrorglass	46.0E	https://picon.cz/download/4898/	core	bundled-catalog-240624
4900	piconmirrorglass-220x132-51.5E_by_chocholousek.7z	220x132	mirrorglass	51.5E	https://picon.cz/download/4900/	core	bundled-catalog-240624
4902	piconmirrorglass-220x132-52.0E_by_chocholousek.7z	220x132	mirrorglass	52.0E	https://picon.cz/download/4902/	core	bundled-catalog-240624
4904	piconmirrorglass-220x132-52.5E_by_chocholousek.7z	220x132	mirrorglass	52.5E	https://picon.cz/download/4904/	core	bundled-catalog-240624
4906	piconmirrorglass-220x132-53.0E_by_chocholousek.7z	220x132	mirrorglass	53.0E	https://picon.cz/download/4906/	core	bundled-catalog-240624
4908	piconmirrorglass-220x132-54.9E_by_chocholousek.7z	220x132	mirrorglass	54.9E	https://picon.cz/download/4908/	core	bundled-catalog-240624
4910	piconmirrorglass-220x132-56.0E_by_chocholousek.7z	220x132	mirrorglass	56.0E	https://picon.cz/download/4910/	core	bundled-catalog-240624
4912	piconmirrorglass-220x132-62.0E_by_chocholousek.7z	220x132	mirrorglass	62.0E	https://picon.cz/download/4912/	core	bundled-catalog-240624
4914	piconmirrorglass-220x132-66.0E_by_chocholousek.7z	220x132	mirrorglass	66.0E	https://picon.cz/download/4914/	core	bundled-catalog-240624
4916	piconmirrorglass-220x132-68.5E_by_chocholousek.7z	220x132	mirrorglass	68.5E	https://picon.cz/download/4916/	core	bundled-catalog-240624
4918	piconmirrorglass-220x132-70.5E_by_chocholousek.7z	220x132	mirrorglass	70.5E	https://picon.cz/download/4918/	core	bundled-catalog-240624
4922	piconmirrorglass-220x132-75.0E_by_chocholousek.7z	220x132	mirrorglass	75.0E	https://picon.cz/download/4922/	core	bundled-catalog-240624
4924	piconmirrorglass-220x132-80.0E_by_chocholousek.7z	220x132	mirrorglass	80.0E	https://picon.cz/download/4924/	core	bundled-catalog-240624
4928	piconmirrorglass-220x132-antiksat_by_chocholousek.7z	220x132	mirrorglass	antiksat	https://picon.cz/download/4928/	core	bundled-catalog-240624
4930	piconmirrorglass-220x132-digiczsk_by_chocholousek.7z	220x132	mirrorglass	digiczsk	https://picon.cz/download/4930/	core	bundled-catalog-240624
4932	piconmirrorglass-220x132-ItaliaDTT_by_chocholousek.7z	220x132	mirrorglass	ItaliaDTT	https://picon.cz/download/4932/	core	bundled-catalog-240624
4934	piconmirrorglass-220x132-czskDTT_by_chocholousek.7z	220x132	mirrorglass	czskDTT	https://picon.cz/download/4934/	core	bundled-catalog-240624
4936	piconmirrorglass-220x132-freeSAT_by_chocholousek.7z	220x132	mirrorglass	freeSAT	https://picon.cz/download/4936/	core	bundled-catalog-240624
4940	piconmirrorglass-220x132-skylink_by_chocholousek.7z	220x132	mirrorglass	skylink	https://picon.cz/download/4940/	core	bundled-catalog-240624
4943	piconmirrorglass-400x170-0.8W_by_chocholousek.7z	400x170	mirrorglass	0.8W	https://picon.cz/download/4943/	core	bundled-catalog-240624
4945	piconmirrorglass-400x170-1.0W_by_chocholousek.7z	400x170	mirrorglass	1.0W	https://picon.cz/download/4945/	core	bundled-catalog-240624
4947	piconmirrorglass-400x170-1.9E_by_chocholousek.7z	400x170	mirrorglass	1.9E	https://picon.cz/download/4947/	core	bundled-catalog-240624
4949	piconmirrorglass-400x170-3.0E_by_chocholousek.7z	400x170	mirrorglass	3.0E	https://picon.cz/download/4949/	core	bundled-catalog-240624
4955	piconmirrorglass-400x170-4.0W_by_chocholousek.7z	400x170	mirrorglass	4.0W	https://picon.cz/download/4955/	core	bundled-catalog-240624
4957	piconmirrorglass-400x170-4.8E_by_chocholousek.7z	400x170	mirrorglass	4.8E	https://picon.cz/download/4957/	core	bundled-catalog-240624
4959	piconmirrorglass-400x170-4.9E_by_chocholousek.7z	400x170	mirrorglass	4.9E	https://picon.cz/download/4959/	core	bundled-catalog-240624
4961	piconmirrorglass-400x170-5.0W_by_chocholousek.7z	400x170	mirrorglass	5.0W	https://picon.cz/download/4961/	core	bundled-catalog-240624
4963	piconmirrorglass-400x170-7.0E_by_chocholousek.7z	400x170	mirrorglass	7.0E	https://picon.cz/download/4963/	core	bundled-catalog-240624
4965	piconmirrorglass-400x170-7.0W_by_chocholousek.7z	400x170	mirrorglass	7.0W	https://picon.cz/download/4965/	core	bundled-catalog-240624
4967	piconmirrorglass-400x170-8.0W_by_chocholousek.7z	400x170	mirrorglass	8.0W	https://picon.cz/download/4967/	core	bundled-catalog-240624
4969	piconmirrorglass-400x170-9.0E_by_chocholousek.7z	400x170	mirrorglass	9.0E	https://picon.cz/download/4969/	core	bundled-catalog-240624
4971	piconmirrorglass-400x170-10.0E_by_chocholousek.7z	400x170	mirrorglass	10.0E	https://picon.cz/download/4971/	core	bundled-catalog-240624
4973	piconmirrorglass-400x170-GermanyDTT_by_chocholousek.7z	400x170	mirrorglass	GermanyDTT	https://picon.cz/download/4973/	core	bundled-catalog-240624
4975	piconmirrorglass-400x170-FranceDTT_by_chocholousek.7z	400x170	mirrorglass	FranceDTT	https://picon.cz/download/4975/	core	bundled-catalog-240624
4977	piconmirrorglass-400x170-13.0E_by_chocholousek.7z	400x170	mirrorglass	13.0E	https://picon.cz/download/4977/	core	bundled-catalog-240624
4979	piconmirrorglass-400x170-14.0W_by_chocholousek.7z	400x170	mirrorglass	14.0W	https://picon.cz/download/4979/	core	bundled-catalog-240624
4981	piconmirrorglass-400x170-15.0W_by_chocholousek.7z	400x170	mirrorglass	15.0W	https://picon.cz/download/4981/	core	bundled-catalog-240624
4983	piconmirrorglass-400x170-16.0E_by_chocholousek.7z	400x170	mirrorglass	16.0E	https://picon.cz/download/4983/	core	bundled-catalog-240624
4987	piconmirrorglass-400x170-19.2E_by_chocholousek.7z	400x170	mirrorglass	19.2E	https://picon.cz/download/4987/	core	bundled-catalog-240624
4989	piconmirrorglass-400x170-PolandDTT_by_chocholousek.7z	400x170	mirrorglass	PolandDTT	https://picon.cz/download/4989/	core	bundled-catalog-240624
4991	piconmirrorglass-400x170-21.5E_by_chocholousek.7z	400x170	mirrorglass	21.5E	https://picon.cz/download/4991/	core	bundled-catalog-240624
4993	piconmirrorglass-400x170-22.0W_by_chocholousek.7z	400x170	mirrorglass	22.0W	https://picon.cz/download/4993/	core	bundled-catalog-240624
4995	piconmirrorglass-400x170-23.5E_by_chocholousek.7z	400x170	mirrorglass	23.5E	https://picon.cz/download/4995/	core	bundled-catalog-240624
4997	piconmirrorglass-400x170-24.5W_by_chocholousek.7z	400x170	mirrorglass	24.5W	https://picon.cz/download/4997/	core	bundled-catalog-240624
4999	piconmirrorglass-400x170-26.0E_by_chocholousek.7z	400x170	mirrorglass	26.0E	https://picon.cz/download/4999/	core	bundled-catalog-240624
5001	piconmirrorglass-400x170-27.5W_by_chocholousek.7z	400x170	mirrorglass	27.5W	https://picon.cz/download/5001/	core	bundled-catalog-240624
5003	piconmirrorglass-400x170-28.2E_by_chocholousek.7z	400x170	mirrorglass	28.2E	https://picon.cz/download/5003/	core	bundled-catalog-240624
5005	piconmirrorglass-400x170-30.0W_by_chocholousek.7z	400x170	mirrorglass	30.0W	https://picon.cz/download/5005/	core	bundled-catalog-240624
5007	piconmirrorglass-400x170-30.5E_by_chocholousek.7z	400x170	mirrorglass	30.5E	https://picon.cz/download/5007/	core	bundled-catalog-240624
5009	piconmirrorglass-400x170-31.5E_by_chocholousek.7z	400x170	mirrorglass	31.5E	https://picon.cz/download/5009/	core	bundled-catalog-240624
5011	piconmirrorglass-400x170-33.0E_by_chocholousek.7z	400x170	mirrorglass	33.0E	https://picon.cz/download/5011/	core	bundled-catalog-240624
5013	piconmirrorglass-400x170-36.0E_by_chocholousek.7z	400x170	mirrorglass	36.0E	https://picon.cz/download/5013/	core	bundled-catalog-240624
5015	piconmirrorglass-400x170-39.0E_by_chocholousek.7z	400x170	mirrorglass	39.0E	https://picon.cz/download/5015/	core	bundled-catalog-240624
5017	piconmirrorglass-400x170-42.0E_by_chocholousek.7z	400x170	mirrorglass	42.0E	https://picon.cz/download/5017/	core	bundled-catalog-240624
5019	piconmirrorglass-400x170-45.0E_by_chocholousek.7z	400x170	mirrorglass	45.0E	https://picon.cz/download/5019/	core	bundled-catalog-240624
5023	piconmirrorglass-400x170-46.0E_by_chocholousek.7z	400x170	mirrorglass	46.0E	https://picon.cz/download/5023/	core	bundled-catalog-240624
5025	piconmirrorglass-400x170-51.5E_by_chocholousek.7z	400x170	mirrorglass	51.5E	https://picon.cz/download/5025/	core	bundled-catalog-240624
5027	piconmirrorglass-400x170-52.0E_by_chocholousek.7z	400x170	mirrorglass	52.0E	https://picon.cz/download/5027/	core	bundled-catalog-240624
5029	piconmirrorglass-400x170-52.5E_by_chocholousek.7z	400x170	mirrorglass	52.5E	https://picon.cz/download/5029/	core	bundled-catalog-240624
5031	piconmirrorglass-400x170-53.0E_by_chocholousek.7z	400x170	mirrorglass	53.0E	https://picon.cz/download/5031/	core	bundled-catalog-240624
5033	piconmirrorglass-400x170-54.9E_by_chocholousek.7z	400x170	mirrorglass	54.9E	https://picon.cz/download/5033/	core	bundled-catalog-240624
5035	piconmirrorglass-400x170-56.0E_by_chocholousek.7z	400x170	mirrorglass	56.0E	https://picon.cz/download/5035/	core	bundled-catalog-240624
5037	piconmirrorglass-400x170-62.0E_by_chocholousek.7z	400x170	mirrorglass	62.0E	https://picon.cz/download/5037/	core	bundled-catalog-240624
5039	piconmirrorglass-400x170-66.0E_by_chocholousek.7z	400x170	mirrorglass	66.0E	https://picon.cz/download/5039/	core	bundled-catalog-240624
5041	piconmirrorglass-400x170-68.5E_by_chocholousek.7z	400x170	mirrorglass	68.5E	https://picon.cz/download/5041/	core	bundled-catalog-240624
5043	piconmirrorglass-400x170-70.5E_by_chocholousek.7z	400x170	mirrorglass	70.5E	https://picon.cz/download/5043/	core	bundled-catalog-240624
5047	piconmirrorglass-400x170-75.0E_by_chocholousek.7z	400x170	mirrorglass	75.0E	https://picon.cz/download/5047/	core	bundled-catalog-240624
5049	piconmirrorglass-400x170-80.0E_by_chocholousek.7z	400x170	mirrorglass	80.0E	https://picon.cz/download/5049/	core	bundled-catalog-240624
5053	piconmirrorglass-400x170-antiksat_by_chocholousek.7z	400x170	mirrorglass	antiksat	https://picon.cz/download/5053/	core	bundled-catalog-240624
5055	piconmirrorglass-400x170-digiczsk_by_chocholousek.7z	400x170	mirrorglass	digiczsk	https://picon.cz/download/5055/	core	bundled-catalog-240624
5057	piconmirrorglass-400x170-ItaliaDTT_by_chocholousek.7z	400x170	mirrorglass	ItaliaDTT	https://picon.cz/download/5057/	core	bundled-catalog-240624
5059	piconmirrorglass-400x170-czskDTT_by_chocholousek.7z	400x170	mirrorglass	czskDTT	https://picon.cz/download/5059/	core	bundled-catalog-240624
5061	piconmirrorglass-400x170-freeSAT_by_chocholousek.7z	400x170	mirrorglass	freeSAT	https://picon.cz/download/5061/	core	bundled-catalog-240624
5065	piconmirrorglass-400x170-skylink_by_chocholousek.7z	400x170	mirrorglass	skylink	https://picon.cz/download/5065/	core	bundled-catalog-240624
5070	piconmirrorglass-500x300-0.8W_by_chocholousek.7z	500x300	mirrorglass	0.8W	https://picon.cz/download/5070/	core	bundled-catalog-240624
5072	piconmirrorglass-500x300-1.0W_by_chocholousek.7z	500x300	mirrorglass	1.0W	https://picon.cz/download/5072/	core	bundled-catalog-240624
5074	piconmirrorglass-500x300-13.0E_by_chocholousek.7z	500x300	mirrorglass	13.0E	https://picon.cz/download/5074/	core	bundled-catalog-240624
5076	piconmirrorglass-500x300-16.0E_by_chocholousek.7z	500x300	mirrorglass	16.0E	https://picon.cz/download/5076/	core	bundled-catalog-240624
5078	piconmirrorglass-500x300-19.2E_by_chocholousek.7z	500x300	mirrorglass	19.2E	https://picon.cz/download/5078/	core	bundled-catalog-240624
5080	piconmirrorglass-500x300-23.5E_by_chocholousek.7z	500x300	mirrorglass	23.5E	https://picon.cz/download/5080/	core	bundled-catalog-240624
5082	piconmirrorglass-500x300-28.2E_by_chocholousek.7z	500x300	mirrorglass	28.2E	https://picon.cz/download/5082/	core	bundled-catalog-240624
5084	piconmirrorglass-500x300-30.0W_by_chocholousek.7z	500x300	mirrorglass	30.0W	https://picon.cz/download/5084/	core	bundled-catalog-240624
5086	piconmirrorglass-500x300-antiksat_by_chocholousek.7z	500x300	mirrorglass	antiksat	https://picon.cz/download/5086/	core	bundled-catalog-240624
5088	piconmirrorglass-500x300-digiczsk_by_chocholousek.7z	500x300	mirrorglass	digiczsk	https://picon.cz/download/5088/	core	bundled-catalog-240624
5090	piconmirrorglass-500x300-czskDTT_by_chocholousek.7z	500x300	mirrorglass	czskDTT	https://picon.cz/download/5090/	core	bundled-catalog-240624
5092	piconmirrorglass-500x300-freeSAT_by_chocholousek.7z	500x300	mirrorglass	freeSAT	https://picon.cz/download/5092/	core	bundled-catalog-240624
5096	piconmirrorglass-500x300-skylink_by_chocholousek.7z	500x300	mirrorglass	skylink	https://picon.cz/download/5096/	core	bundled-catalog-240624
5100	piconmonochrom-220x132-0.8W_by_chocholousek.7z	220x132	monochrom	0.8W	https://picon.cz/download/5100/	core	bundled-catalog-240624
5102	piconmonochrom-220x132-1.0W_by_chocholousek.7z	220x132	monochrom	1.0W	https://picon.cz/download/5102/	core	bundled-catalog-240624
5104	piconmonochrom-220x132-1.9E_by_chocholousek.7z	220x132	monochrom	1.9E	https://picon.cz/download/5104/	core	bundled-catalog-240624
5106	piconmonochrom-220x132-3.0E_by_chocholousek.7z	220x132	monochrom	3.0E	https://picon.cz/download/5106/	core	bundled-catalog-240624
5112	piconmonochrom-220x132-4.0W_by_chocholousek.7z	220x132	monochrom	4.0W	https://picon.cz/download/5112/	core	bundled-catalog-240624
5114	piconmonochrom-220x132-4.8E_by_chocholousek.7z	220x132	monochrom	4.8E	https://picon.cz/download/5114/	core	bundled-catalog-240624
5116	piconmonochrom-220x132-4.9E_by_chocholousek.7z	220x132	monochrom	4.9E	https://picon.cz/download/5116/	core	bundled-catalog-240624
5118	piconmonochrom-220x132-5.0W_by_chocholousek.7z	220x132	monochrom	5.0W	https://picon.cz/download/5118/	core	bundled-catalog-240624
5120	piconmonochrom-220x132-7.0E_by_chocholousek.7z	220x132	monochrom	7.0E	https://picon.cz/download/5120/	core	bundled-catalog-240624
5122	piconmonochrom-220x132-7.0W_by_chocholousek.7z	220x132	monochrom	7.0W	https://picon.cz/download/5122/	core	bundled-catalog-240624
5124	piconmonochrom-220x132-8.0W_by_chocholousek.7z	220x132	monochrom	8.0W	https://picon.cz/download/5124/	core	bundled-catalog-240624
5126	piconmonochrom-220x132-9.0E_by_chocholousek.7z	220x132	monochrom	9.0E	https://picon.cz/download/5126/	core	bundled-catalog-240624
5128	piconmonochrom-220x132-10.0E_by_chocholousek.7z	220x132	monochrom	10.0E	https://picon.cz/download/5128/	core	bundled-catalog-240624
5130	piconmonochrom-220x132-GermanyDTT_by_chocholousek.7z	220x132	monochrom	GermanyDTT	https://picon.cz/download/5130/	core	bundled-catalog-240624
5132	piconmonochrom-220x132-FranceDTT_by_chocholousek.7z	220x132	monochrom	FranceDTT	https://picon.cz/download/5132/	core	bundled-catalog-240624
5134	piconmonochrom-220x132-13.0E_by_chocholousek.7z	220x132	monochrom	13.0E	https://picon.cz/download/5134/	core	bundled-catalog-240624
5136	piconmonochrom-220x132-14.0W_by_chocholousek.7z	220x132	monochrom	14.0W	https://picon.cz/download/5136/	core	bundled-catalog-240624
5138	piconmonochrom-220x132-15.0W_by_chocholousek.7z	220x132	monochrom	15.0W	https://picon.cz/download/5138/	core	bundled-catalog-240624
5140	piconmonochrom-220x132-16.0E_by_chocholousek.7z	220x132	monochrom	16.0E	https://picon.cz/download/5140/	core	bundled-catalog-240624
5144	piconmonochrom-220x132-19.2E_by_chocholousek.7z	220x132	monochrom	19.2E	https://picon.cz/download/5144/	core	bundled-catalog-240624
5146	piconmonochrom-220x132-PolandDTT_by_chocholousek.7z	220x132	monochrom	PolandDTT	https://picon.cz/download/5146/	core	bundled-catalog-240624
5148	piconmonochrom-220x132-21.5E_by_chocholousek.7z	220x132	monochrom	21.5E	https://picon.cz/download/5148/	core	bundled-catalog-240624
5150	piconmonochrom-220x132-22.0W_by_chocholousek.7z	220x132	monochrom	22.0W	https://picon.cz/download/5150/	core	bundled-catalog-240624
5152	piconmonochrom-220x132-23.5E_by_chocholousek.7z	220x132	monochrom	23.5E	https://picon.cz/download/5152/	core	bundled-catalog-240624
5154	piconmonochrom-220x132-24.5W_by_chocholousek.7z	220x132	monochrom	24.5W	https://picon.cz/download/5154/	core	bundled-catalog-240624
5156	piconmonochrom-220x132-26.0E_by_chocholousek.7z	220x132	monochrom	26.0E	https://picon.cz/download/5156/	core	bundled-catalog-240624
5158	piconmonochrom-220x132-27.5W_by_chocholousek.7z	220x132	monochrom	27.5W	https://picon.cz/download/5158/	core	bundled-catalog-240624
5160	piconmonochrom-220x132-28.2E_by_chocholousek.7z	220x132	monochrom	28.2E	https://picon.cz/download/5160/	core	bundled-catalog-240624
5162	piconmonochrom-220x132-30.0W_by_chocholousek.7z	220x132	monochrom	30.0W	https://picon.cz/download/5162/	core	bundled-catalog-240624
5164	piconmonochrom-220x132-30.5E_by_chocholousek.7z	220x132	monochrom	30.5E	https://picon.cz/download/5164/	core	bundled-catalog-240624
5166	piconmonochrom-220x132-31.5E_by_chocholousek.7z	220x132	monochrom	31.5E	https://picon.cz/download/5166/	core	bundled-catalog-240624
5168	piconmonochrom-220x132-33.0E_by_chocholousek.7z	220x132	monochrom	33.0E	https://picon.cz/download/5168/	core	bundled-catalog-240624
5170	piconmonochrom-220x132-36.0E_by_chocholousek.7z	220x132	monochrom	36.0E	https://picon.cz/download/5170/	core	bundled-catalog-240624
5172	piconmonochrom-220x132-39.0E_by_chocholousek.7z	220x132	monochrom	39.0E	https://picon.cz/download/5172/	core	bundled-catalog-240624
5174	piconmonochrom-220x132-42.0E_by_chocholousek.7z	220x132	monochrom	42.0E	https://picon.cz/download/5174/	core	bundled-catalog-240624
5176	piconmonochrom-220x132-45.0E_by_chocholousek.7z	220x132	monochrom	45.0E	https://picon.cz/download/5176/	core	bundled-catalog-240624
5180	piconmonochrom-220x132-46.0E_by_chocholousek.7z	220x132	monochrom	46.0E	https://picon.cz/download/5180/	core	bundled-catalog-240624
5182	piconmonochrom-220x132-51.5E_by_chocholousek.7z	220x132	monochrom	51.5E	https://picon.cz/download/5182/	core	bundled-catalog-240624
5184	piconmonochrom-220x132-52.0E_by_chocholousek.7z	220x132	monochrom	52.0E	https://picon.cz/download/5184/	core	bundled-catalog-240624
5186	piconmonochrom-220x132-52.5E_by_chocholousek.7z	220x132	monochrom	52.5E	https://picon.cz/download/5186/	core	bundled-catalog-240624
5188	piconmonochrom-220x132-53.0E_by_chocholousek.7z	220x132	monochrom	53.0E	https://picon.cz/download/5188/	core	bundled-catalog-240624
5190	piconmonochrom-220x132-54.9E_by_chocholousek.7z	220x132	monochrom	54.9E	https://picon.cz/download/5190/	core	bundled-catalog-240624
5192	piconmonochrom-220x132-56.0E_by_chocholousek.7z	220x132	monochrom	56.0E	https://picon.cz/download/5192/	core	bundled-catalog-240624
5194	piconmonochrom-220x132-62.0E_by_chocholousek.7z	220x132	monochrom	62.0E	https://picon.cz/download/5194/	core	bundled-catalog-240624
5196	piconmonochrom-220x132-66.0E_by_chocholousek.7z	220x132	monochrom	66.0E	https://picon.cz/download/5196/	core	bundled-catalog-240624
5198	piconmonochrom-220x132-68.5E_by_chocholousek.7z	220x132	monochrom	68.5E	https://picon.cz/download/5198/	core	bundled-catalog-240624
5200	piconmonochrom-220x132-70.5E_by_chocholousek.7z	220x132	monochrom	70.5E	https://picon.cz/download/5200/	core	bundled-catalog-240624
5204	piconmonochrom-220x132-75.0E_by_chocholousek.7z	220x132	monochrom	75.0E	https://picon.cz/download/5204/	core	bundled-catalog-240624
5206	piconmonochrom-220x132-80.0E_by_chocholousek.7z	220x132	monochrom	80.0E	https://picon.cz/download/5206/	core	bundled-catalog-240624
5210	piconmonochrom-220x132-antiksat_by_chocholousek.7z	220x132	monochrom	antiksat	https://picon.cz/download/5210/	core	bundled-catalog-240624
5212	piconmonochrom-220x132-digiczsk_by_chocholousek.7z	220x132	monochrom	digiczsk	https://picon.cz/download/5212/	core	bundled-catalog-240624
5214	piconmonochrom-220x132-ItaliaDTT_by_chocholousek.7z	220x132	monochrom	ItaliaDTT	https://picon.cz/download/5214/	core	bundled-catalog-240624
5216	piconmonochrom-220x132-czskDTT_by_chocholousek.7z	220x132	monochrom	czskDTT	https://picon.cz/download/5216/	core	bundled-catalog-240624
5218	piconmonochrom-220x132-freeSAT_by_chocholousek.7z	220x132	monochrom	freeSAT	https://picon.cz/download/5218/	core	bundled-catalog-240624
5222	piconmonochrom-220x132-skylink_by_chocholousek.7z	220x132	monochrom	skylink	https://picon.cz/download/5222/	core	bundled-catalog-240624
5226	piconSNPblack-220x132-0.8W_by_chocholousek.7z	220x132	SNPblack	0.8W	https://picon.cz/download/5226/	core	bundled-catalog-240624
5230	piconSNPblack-220x132-1.9E_by_chocholousek.7z	220x132	SNPblack	1.9E	https://picon.cz/download/5230/	core	bundled-catalog-240624
5232	piconSNPblack-220x132-3.0E_by_chocholousek.7z	220x132	SNPblack	3.0E	https://picon.cz/download/5232/	core	bundled-catalog-240624
5238	piconSNPblack-220x132-4.0W_by_chocholousek.7z	220x132	SNPblack	4.0W	https://picon.cz/download/5238/	core	bundled-catalog-240624
5240	piconSNPblack-220x132-4.8E_by_chocholousek.7z	220x132	SNPblack	4.8E	https://picon.cz/download/5240/	core	bundled-catalog-240624
5244	piconSNPblack-220x132-5.0W_by_chocholousek.7z	220x132	SNPblack	5.0W	https://picon.cz/download/5244/	core	bundled-catalog-240624
5246	piconSNPblack-220x132-7.0E_by_chocholousek.7z	220x132	SNPblack	7.0E	https://picon.cz/download/5246/	core	bundled-catalog-240624
5248	piconSNPblack-220x132-7.0W_by_chocholousek.7z	220x132	SNPblack	7.0W	https://picon.cz/download/5248/	core	bundled-catalog-240624
5250	piconSNPblack-220x132-8.0W_by_chocholousek.7z	220x132	SNPblack	8.0W	https://picon.cz/download/5250/	core	bundled-catalog-240624
5252	piconSNPblack-220x132-9.0E_by_chocholousek.7z	220x132	SNPblack	9.0E	https://picon.cz/download/5252/	core	bundled-catalog-240624
5254	piconSNPblack-220x132-10.0E_by_chocholousek.7z	220x132	SNPblack	10.0E	https://picon.cz/download/5254/	core	bundled-catalog-240624
5260	piconSNPblack-220x132-13.0E_by_chocholousek.7z	220x132	SNPblack	13.0E	https://picon.cz/download/5260/	core	bundled-catalog-240624
5262	piconSNPblack-220x132-14.0W_by_chocholousek.7z	220x132	SNPblack	14.0W	https://picon.cz/download/5262/	core	bundled-catalog-240624
5264	piconSNPblack-220x132-15.0W_by_chocholousek.7z	220x132	SNPblack	15.0W	https://picon.cz/download/5264/	core	bundled-catalog-240624
5266	piconSNPblack-220x132-16.0E_by_chocholousek.7z	220x132	SNPblack	16.0E	https://picon.cz/download/5266/	core	bundled-catalog-240624
5270	piconSNPblack-220x132-19.2E_by_chocholousek.7z	220x132	SNPblack	19.2E	https://picon.cz/download/5270/	core	bundled-catalog-240624
5274	piconSNPblack-220x132-21.5E_by_chocholousek.7z	220x132	SNPblack	21.5E	https://picon.cz/download/5274/	core	bundled-catalog-240624
5276	piconSNPblack-220x132-22.0W_by_chocholousek.7z	220x132	SNPblack	22.0W	https://picon.cz/download/5276/	core	bundled-catalog-240624
5278	piconSNPblack-220x132-23.5E_by_chocholousek.7z	220x132	SNPblack	23.5E	https://picon.cz/download/5278/	core	bundled-catalog-240624
5280	piconSNPblack-220x132-24.5W_by_chocholousek.7z	220x132	SNPblack	24.5W	https://picon.cz/download/5280/	core	bundled-catalog-240624
5282	piconSNPblack-220x132-26.0E_by_chocholousek.7z	220x132	SNPblack	26.0E	https://picon.cz/download/5282/	core	bundled-catalog-240624
5284	piconSNPblack-220x132-27.5W_by_chocholousek.7z	220x132	SNPblack	27.5W	https://picon.cz/download/5284/	core	bundled-catalog-240624
5286	piconSNPblack-220x132-28.2E_by_chocholousek.7z	220x132	SNPblack	28.2E	https://picon.cz/download/5286/	core	bundled-catalog-240624
5288	piconSNPblack-220x132-30.0W_by_chocholousek.7z	220x132	SNPblack	30.0W	https://picon.cz/download/5288/	core	bundled-catalog-240624
5290	piconSNPblack-220x132-30.5E_by_chocholousek.7z	220x132	SNPblack	30.5E	https://picon.cz/download/5290/	core	bundled-catalog-240624
5292	piconSNPblack-220x132-31.5E_by_chocholousek.7z	220x132	SNPblack	31.5E	https://picon.cz/download/5292/	core	bundled-catalog-240624
5294	piconSNPblack-220x132-33.0E_by_chocholousek.7z	220x132	SNPblack	33.0E	https://picon.cz/download/5294/	core	bundled-catalog-240624
5296	piconSNPblack-220x132-36.0E_by_chocholousek.7z	220x132	SNPblack	36.0E	https://picon.cz/download/5296/	core	bundled-catalog-240624
5298	piconSNPblack-220x132-39.0E_by_chocholousek.7z	220x132	SNPblack	39.0E	https://picon.cz/download/5298/	core	bundled-catalog-240624
5300	piconSNPblack-220x132-42.0E_by_chocholousek.7z	220x132	SNPblack	42.0E	https://picon.cz/download/5300/	core	bundled-catalog-240624
5302	piconSNPblack-220x132-45.0E_by_chocholousek.7z	220x132	SNPblack	45.0E	https://picon.cz/download/5302/	core	bundled-catalog-240624
5304	piconSNPblack-220x132-45.0W_by_chocholousek.7z	220x132	SNPblack	45.0W	https://picon.cz/download/5304/	core	bundled-catalog-240624
5306	piconSNPblack-220x132-46.0E_by_chocholousek.7z	220x132	SNPblack	46.0E	https://picon.cz/download/5306/	core	bundled-catalog-240624
5308	piconSNPblack-220x132-51.5E_by_chocholousek.7z	220x132	SNPblack	51.5E	https://picon.cz/download/5308/	core	bundled-catalog-240624
5310	piconSNPblack-220x132-52.0E_by_chocholousek.7z	220x132	SNPblack	52.0E	https://picon.cz/download/5310/	core	bundled-catalog-240624
5312	piconSNPblack-220x132-52.5E_by_chocholousek.7z	220x132	SNPblack	52.5E	https://picon.cz/download/5312/	core	bundled-catalog-240624
5314	piconSNPblack-220x132-53.0E_by_chocholousek.7z	220x132	SNPblack	53.0E	https://picon.cz/download/5314/	core	bundled-catalog-240624
5316	piconSNPblack-220x132-54.9E_by_chocholousek.7z	220x132	SNPblack	54.9E	https://picon.cz/download/5316/	core	bundled-catalog-240624
5318	piconSNPblack-220x132-56.0E_by_chocholousek.7z	220x132	SNPblack	56.0E	https://picon.cz/download/5318/	core	bundled-catalog-240624
5320	piconSNPblack-220x132-62.0E_by_chocholousek.7z	220x132	SNPblack	62.0E	https://picon.cz/download/5320/	core	bundled-catalog-240624
5322	piconSNPblack-220x132-66.0E_by_chocholousek.7z	220x132	SNPblack	66.0E	https://picon.cz/download/5322/	core	bundled-catalog-240624
5324	piconSNPblack-220x132-68.5E_by_chocholousek.7z	220x132	SNPblack	68.5E	https://picon.cz/download/5324/	core	bundled-catalog-240624
5326	piconSNPblack-220x132-70.5E_by_chocholousek.7z	220x132	SNPblack	70.5E	https://picon.cz/download/5326/	core	bundled-catalog-240624
5330	piconSNPblack-220x132-75.0E_by_chocholousek.7z	220x132	SNPblack	75.0E	https://picon.cz/download/5330/	core	bundled-catalog-240624
5332	piconSNPblack-220x132-80.0E_by_chocholousek.7z	220x132	SNPblack	80.0E	https://picon.cz/download/5332/	core	bundled-catalog-240624
9094	piconSNPblack-220x132-ArchivCZSK_by_chocholousek.7z	220x132	SNPblack	ArchivCZSK	https://picon.cz/download/9094/	core	bundled-catalog-240624
5266	piconSNPblack-220x132-antiksat_by_chocholousek.7z	220x132	SNPblack	antiksat	https://picon.cz/download/5266/	core	bundled-catalog-240624
5226	piconSNPblack-220x132-digiczsk_by_chocholousek.7z	220x132	SNPblack	digiczsk	https://picon.cz/download/5226/	core	bundled-catalog-240624
5226	piconSNPblack-220x132-freeSAT_by_chocholousek.7z	220x132	SNPblack	freeSAT	https://picon.cz/download/5226/	core	bundled-catalog-240624
5278	piconSNPblack-220x132-skylink_by_chocholousek.7z	220x132	SNPblack	skylink	https://picon.cz/download/5278/	core	bundled-catalog-240624
5351	piconfreezewhite-220x132-0.8W_by_chocholousek.7z	220x132	freezewhite	0.8W	https://picon.cz/download/5351/	core	bundled-catalog-240624
5353	piconfreezewhite-220x132-1.0W_by_chocholousek.7z	220x132	freezewhite	1.0W	https://picon.cz/download/5353/	core	bundled-catalog-240624
5355	piconfreezewhite-220x132-1.9E_by_chocholousek.7z	220x132	freezewhite	1.9E	https://picon.cz/download/5355/	core	bundled-catalog-240624
5357	piconfreezewhite-220x132-3.0E_by_chocholousek.7z	220x132	freezewhite	3.0E	https://picon.cz/download/5357/	core	bundled-catalog-240624
5363	piconfreezewhite-220x132-4.0W_by_chocholousek.7z	220x132	freezewhite	4.0W	https://picon.cz/download/5363/	core	bundled-catalog-240624
5365	piconfreezewhite-220x132-4.8E_by_chocholousek.7z	220x132	freezewhite	4.8E	https://picon.cz/download/5365/	core	bundled-catalog-240624
5367	piconfreezewhite-220x132-4.9E_by_chocholousek.7z	220x132	freezewhite	4.9E	https://picon.cz/download/5367/	core	bundled-catalog-240624
5369	piconfreezewhite-220x132-5.0W_by_chocholousek.7z	220x132	freezewhite	5.0W	https://picon.cz/download/5369/	core	bundled-catalog-240624
5371	piconfreezewhite-220x132-7.0E_by_chocholousek.7z	220x132	freezewhite	7.0E	https://picon.cz/download/5371/	core	bundled-catalog-240624
5373	piconfreezewhite-220x132-7.0W_by_chocholousek.7z	220x132	freezewhite	7.0W	https://picon.cz/download/5373/	core	bundled-catalog-240624
5375	piconfreezewhite-220x132-8.0W_by_chocholousek.7z	220x132	freezewhite	8.0W	https://picon.cz/download/5375/	core	bundled-catalog-240624
5377	piconfreezewhite-220x132-9.0E_by_chocholousek.7z	220x132	freezewhite	9.0E	https://picon.cz/download/5377/	core	bundled-catalog-240624
5379	piconfreezewhite-220x132-10.0E_by_chocholousek.7z	220x132	freezewhite	10.0E	https://picon.cz/download/5379/	core	bundled-catalog-240624
5381	piconfreezewhite-220x132-GermanyDTT_by_chocholousek.7z	220x132	freezewhite	GermanyDTT	https://picon.cz/download/5381/	core	bundled-catalog-240624
5383	piconfreezewhite-220x132-FranceDTT_by_chocholousek.7z	220x132	freezewhite	FranceDTT	https://picon.cz/download/5383/	core	bundled-catalog-240624
5385	piconfreezewhite-220x132-13.0E_by_chocholousek.7z	220x132	freezewhite	13.0E	https://picon.cz/download/5385/	core	bundled-catalog-240624
5387	piconfreezewhite-220x132-14.0W_by_chocholousek.7z	220x132	freezewhite	14.0W	https://picon.cz/download/5387/	core	bundled-catalog-240624
5389	piconfreezewhite-220x132-15.0W_by_chocholousek.7z	220x132	freezewhite	15.0W	https://picon.cz/download/5389/	core	bundled-catalog-240624
5391	piconfreezewhite-220x132-16.0E_by_chocholousek.7z	220x132	freezewhite	16.0E	https://picon.cz/download/5391/	core	bundled-catalog-240624
5395	piconfreezewhite-220x132-19.2E_by_chocholousek.7z	220x132	freezewhite	19.2E	https://picon.cz/download/5395/	core	bundled-catalog-240624
5397	piconfreezewhite-220x132-PolandDTT_by_chocholousek.7z	220x132	freezewhite	PolandDTT	https://picon.cz/download/5397/	core	bundled-catalog-240624
5399	piconfreezewhite-220x132-21.5E_by_chocholousek.7z	220x132	freezewhite	21.5E	https://picon.cz/download/5399/	core	bundled-catalog-240624
5401	piconfreezewhite-220x132-22.0W_by_chocholousek.7z	220x132	freezewhite	22.0W	https://picon.cz/download/5401/	core	bundled-catalog-240624
5403	piconfreezewhite-220x132-23.5E_by_chocholousek.7z	220x132	freezewhite	23.5E	https://picon.cz/download/5403/	core	bundled-catalog-240624
5405	piconfreezewhite-220x132-24.5W_by_chocholousek.7z	220x132	freezewhite	24.5W	https://picon.cz/download/5405/	core	bundled-catalog-240624
5407	piconfreezewhite-220x132-26.0E_by_chocholousek.7z	220x132	freezewhite	26.0E	https://picon.cz/download/5407/	core	bundled-catalog-240624
5409	piconfreezewhite-220x132-27.5W_by_chocholousek.7z	220x132	freezewhite	27.5W	https://picon.cz/download/5409/	core	bundled-catalog-240624
5411	piconfreezewhite-220x132-28.2E_by_chocholousek.7z	220x132	freezewhite	28.2E	https://picon.cz/download/5411/	core	bundled-catalog-240624
5413	piconfreezewhite-220x132-30.0W_by_chocholousek.7z	220x132	freezewhite	30.0W	https://picon.cz/download/5413/	core	bundled-catalog-240624
5415	piconfreezewhite-220x132-30.5E_by_chocholousek.7z	220x132	freezewhite	30.5E	https://picon.cz/download/5415/	core	bundled-catalog-240624
5417	piconfreezewhite-220x132-31.5E_by_chocholousek.7z	220x132	freezewhite	31.5E	https://picon.cz/download/5417/	core	bundled-catalog-240624
5419	piconfreezewhite-220x132-33.0E_by_chocholousek.7z	220x132	freezewhite	33.0E	https://picon.cz/download/5419/	core	bundled-catalog-240624
5421	piconfreezewhite-220x132-36.0E_by_chocholousek.7z	220x132	freezewhite	36.0E	https://picon.cz/download/5421/	core	bundled-catalog-240624
5423	piconfreezewhite-220x132-39.0E_by_chocholousek.7z	220x132	freezewhite	39.0E	https://picon.cz/download/5423/	core	bundled-catalog-240624
5425	piconfreezewhite-220x132-42.0E_by_chocholousek.7z	220x132	freezewhite	42.0E	https://picon.cz/download/5425/	core	bundled-catalog-240624
5427	piconfreezewhite-220x132-45.0E_by_chocholousek.7z	220x132	freezewhite	45.0E	https://picon.cz/download/5427/	core	bundled-catalog-240624
5431	piconfreezewhite-220x132-46.0E_by_chocholousek.7z	220x132	freezewhite	46.0E	https://picon.cz/download/5431/	core	bundled-catalog-240624
5433	piconfreezewhite-220x132-51.5E_by_chocholousek.7z	220x132	freezewhite	51.5E	https://picon.cz/download/5433/	core	bundled-catalog-240624
5435	piconfreezewhite-220x132-52.0E_by_chocholousek.7z	220x132	freezewhite	52.0E	https://picon.cz/download/5435/	core	bundled-catalog-240624
5437	piconfreezewhite-220x132-52.5E_by_chocholousek.7z	220x132	freezewhite	52.5E	https://picon.cz/download/5437/	core	bundled-catalog-240624
5439	piconfreezewhite-220x132-53.0E_by_chocholousek.7z	220x132	freezewhite	53.0E	https://picon.cz/download/5439/	core	bundled-catalog-240624
5441	piconfreezewhite-220x132-54.9E_by_chocholousek.7z	220x132	freezewhite	54.9E	https://picon.cz/download/5441/	core	bundled-catalog-240624
5443	piconfreezewhite-220x132-56.0E_by_chocholousek.7z	220x132	freezewhite	56.0E	https://picon.cz/download/5443/	core	bundled-catalog-240624
5445	piconfreezewhite-220x132-62.0E_by_chocholousek.7z	220x132	freezewhite	62.0E	https://picon.cz/download/5445/	core	bundled-catalog-240624
5447	piconfreezewhite-220x132-66.0E_by_chocholousek.7z	220x132	freezewhite	66.0E	https://picon.cz/download/5447/	core	bundled-catalog-240624
5449	piconfreezewhite-220x132-68.5E_by_chocholousek.7z	220x132	freezewhite	68.5E	https://picon.cz/download/5449/	core	bundled-catalog-240624
5451	piconfreezewhite-220x132-70.5E_by_chocholousek.7z	220x132	freezewhite	70.5E	https://picon.cz/download/5451/	core	bundled-catalog-240624
5455	piconfreezewhite-220x132-75.0E_by_chocholousek.7z	220x132	freezewhite	75.0E	https://picon.cz/download/5455/	core	bundled-catalog-240624
5457	piconfreezewhite-220x132-80.0E_by_chocholousek.7z	220x132	freezewhite	80.0E	https://picon.cz/download/5457/	core	bundled-catalog-240624
5461	piconfreezewhite-220x132-antiksat_by_chocholousek.7z	220x132	freezewhite	antiksat	https://picon.cz/download/5461/	core	bundled-catalog-240624
5463	piconfreezewhite-220x132-digiczsk_by_chocholousek.7z	220x132	freezewhite	digiczsk	https://picon.cz/download/5463/	core	bundled-catalog-240624
5465	piconfreezewhite-220x132-ItaliaDTT_by_chocholousek.7z	220x132	freezewhite	ItaliaDTT	https://picon.cz/download/5465/	core	bundled-catalog-240624
5467	piconfreezewhite-220x132-czskDTT_by_chocholousek.7z	220x132	freezewhite	czskDTT	https://picon.cz/download/5467/	core	bundled-catalog-240624
5469	piconfreezewhite-220x132-freeSAT_by_chocholousek.7z	220x132	freezewhite	freeSAT	https://picon.cz/download/5469/	core	bundled-catalog-240624
5473	piconfreezewhite-220x132-skylink_by_chocholousek.7z	220x132	freezewhite	skylink	https://picon.cz/download/5473/	core	bundled-catalog-240624
5603	piconsrhd-220x132-0.8W_by_chocholousek.7z	220x132	srhd	0.8W	https://picon.cz/download/5603/	core	bundled-catalog-240624
5605	piconsrhd-220x132-1.0W_by_chocholousek.7z	220x132	srhd	1.0W	https://picon.cz/download/5605/	core	bundled-catalog-240624
5607	piconsrhd-220x132-1.9E_by_chocholousek.7z	220x132	srhd	1.9E	https://picon.cz/download/5607/	core	bundled-catalog-240624
5609	piconsrhd-220x132-3.0E_by_chocholousek.7z	220x132	srhd	3.0E	https://picon.cz/download/5609/	core	bundled-catalog-240624
5615	piconsrhd-220x132-4.0W_by_chocholousek.7z	220x132	srhd	4.0W	https://picon.cz/download/5615/	core	bundled-catalog-240624
5617	piconsrhd-220x132-4.8E_by_chocholousek.7z	220x132	srhd	4.8E	https://picon.cz/download/5617/	core	bundled-catalog-240624
5619	piconsrhd-220x132-4.9E_by_chocholousek.7z	220x132	srhd	4.9E	https://picon.cz/download/5619/	core	bundled-catalog-240624
5621	piconsrhd-220x132-5.0W_by_chocholousek.7z	220x132	srhd	5.0W	https://picon.cz/download/5621/	core	bundled-catalog-240624
5623	piconsrhd-220x132-7.0E_by_chocholousek.7z	220x132	srhd	7.0E	https://picon.cz/download/5623/	core	bundled-catalog-240624
5625	piconsrhd-220x132-7.0W_by_chocholousek.7z	220x132	srhd	7.0W	https://picon.cz/download/5625/	core	bundled-catalog-240624
5627	piconsrhd-220x132-8.0W_by_chocholousek.7z	220x132	srhd	8.0W	https://picon.cz/download/5627/	core	bundled-catalog-240624
5629	piconsrhd-220x132-9.0E_by_chocholousek.7z	220x132	srhd	9.0E	https://picon.cz/download/5629/	core	bundled-catalog-240624
5631	piconsrhd-220x132-10.0E_by_chocholousek.7z	220x132	srhd	10.0E	https://picon.cz/download/5631/	core	bundled-catalog-240624
5633	piconsrhd-220x132-GermanyDTT_by_chocholousek.7z	220x132	srhd	GermanyDTT	https://picon.cz/download/5633/	core	bundled-catalog-240624
5635	piconsrhd-220x132-FranceDTT_by_chocholousek.7z	220x132	srhd	FranceDTT	https://picon.cz/download/5635/	core	bundled-catalog-240624
5637	piconsrhd-220x132-13.0E_by_chocholousek.7z	220x132	srhd	13.0E	https://picon.cz/download/5637/	core	bundled-catalog-240624
5639	piconsrhd-220x132-14.0W_by_chocholousek.7z	220x132	srhd	14.0W	https://picon.cz/download/5639/	core	bundled-catalog-240624
5641	piconsrhd-220x132-15.0W_by_chocholousek.7z	220x132	srhd	15.0W	https://picon.cz/download/5641/	core	bundled-catalog-240624
5643	piconsrhd-220x132-16.0E_by_chocholousek.7z	220x132	srhd	16.0E	https://picon.cz/download/5643/	core	bundled-catalog-240624
5647	piconsrhd-220x132-19.2E_by_chocholousek.7z	220x132	srhd	19.2E	https://picon.cz/download/5647/	core	bundled-catalog-240624
5649	piconsrhd-220x132-PolandDTT_by_chocholousek.7z	220x132	srhd	PolandDTT	https://picon.cz/download/5649/	core	bundled-catalog-240624
5651	piconsrhd-220x132-21.5E_by_chocholousek.7z	220x132	srhd	21.5E	https://picon.cz/download/5651/	core	bundled-catalog-240624
5653	piconsrhd-220x132-22.0W_by_chocholousek.7z	220x132	srhd	22.0W	https://picon.cz/download/5653/	core	bundled-catalog-240624
5655	piconsrhd-220x132-23.5E_by_chocholousek.7z	220x132	srhd	23.5E	https://picon.cz/download/5655/	core	bundled-catalog-240624
5657	piconsrhd-220x132-24.5W_by_chocholousek.7z	220x132	srhd	24.5W	https://picon.cz/download/5657/	core	bundled-catalog-240624
5659	piconsrhd-220x132-26.0E_by_chocholousek.7z	220x132	srhd	26.0E	https://picon.cz/download/5659/	core	bundled-catalog-240624
5661	piconsrhd-220x132-27.5W_by_chocholousek.7z	220x132	srhd	27.5W	https://picon.cz/download/5661/	core	bundled-catalog-240624
5663	piconsrhd-220x132-28.2E_by_chocholousek.7z	220x132	srhd	28.2E	https://picon.cz/download/5663/	core	bundled-catalog-240624
5665	piconsrhd-220x132-30.0W_by_chocholousek.7z	220x132	srhd	30.0W	https://picon.cz/download/5665/	core	bundled-catalog-240624
5667	piconsrhd-220x132-30.5E_by_chocholousek.7z	220x132	srhd	30.5E	https://picon.cz/download/5667/	core	bundled-catalog-240624
5669	piconsrhd-220x132-31.5E_by_chocholousek.7z	220x132	srhd	31.5E	https://picon.cz/download/5669/	core	bundled-catalog-240624
5671	piconsrhd-220x132-33.0E_by_chocholousek.7z	220x132	srhd	33.0E	https://picon.cz/download/5671/	core	bundled-catalog-240624
5673	piconsrhd-220x132-36.0E_by_chocholousek.7z	220x132	srhd	36.0E	https://picon.cz/download/5673/	core	bundled-catalog-240624
5675	piconsrhd-220x132-39.0E_by_chocholousek.7z	220x132	srhd	39.0E	https://picon.cz/download/5675/	core	bundled-catalog-240624
5677	piconsrhd-220x132-42.0E_by_chocholousek.7z	220x132	srhd	42.0E	https://picon.cz/download/5677/	core	bundled-catalog-240624
5679	piconsrhd-220x132-45.0E_by_chocholousek.7z	220x132	srhd	45.0E	https://picon.cz/download/5679/	core	bundled-catalog-240624
5683	piconsrhd-220x132-46.0E_by_chocholousek.7z	220x132	srhd	46.0E	https://picon.cz/download/5683/	core	bundled-catalog-240624
5685	piconsrhd-220x132-51.5E_by_chocholousek.7z	220x132	srhd	51.5E	https://picon.cz/download/5685/	core	bundled-catalog-240624
5687	piconsrhd-220x132-52.0E_by_chocholousek.7z	220x132	srhd	52.0E	https://picon.cz/download/5687/	core	bundled-catalog-240624
5689	piconsrhd-220x132-52.5E_by_chocholousek.7z	220x132	srhd	52.5E	https://picon.cz/download/5689/	core	bundled-catalog-240624
5691	piconsrhd-220x132-53.0E_by_chocholousek.7z	220x132	srhd	53.0E	https://picon.cz/download/5691/	core	bundled-catalog-240624
5693	piconsrhd-220x132-54.9E_by_chocholousek.7z	220x132	srhd	54.9E	https://picon.cz/download/5693/	core	bundled-catalog-240624
5695	piconsrhd-220x132-56.0E_by_chocholousek.7z	220x132	srhd	56.0E	https://picon.cz/download/5695/	core	bundled-catalog-240624
5697	piconsrhd-220x132-62.0E_by_chocholousek.7z	220x132	srhd	62.0E	https://picon.cz/download/5697/	core	bundled-catalog-240624
5699	piconsrhd-220x132-66.0E_by_chocholousek.7z	220x132	srhd	66.0E	https://picon.cz/download/5699/	core	bundled-catalog-240624
5701	piconsrhd-220x132-68.5E_by_chocholousek.7z	220x132	srhd	68.5E	https://picon.cz/download/5701/	core	bundled-catalog-240624
5703	piconsrhd-220x132-70.5E_by_chocholousek.7z	220x132	srhd	70.5E	https://picon.cz/download/5703/	core	bundled-catalog-240624
5707	piconsrhd-220x132-75.0E_by_chocholousek.7z	220x132	srhd	75.0E	https://picon.cz/download/5707/	core	bundled-catalog-240624
5709	piconsrhd-220x132-80.0E_by_chocholousek.7z	220x132	srhd	80.0E	https://picon.cz/download/5709/	core	bundled-catalog-240624
5713	piconsrhd-220x132-antiksat_by_chocholousek.7z	220x132	srhd	antiksat	https://picon.cz/download/5713/	core	bundled-catalog-240624
5715	piconsrhd-220x132-digiczsk_by_chocholousek.7z	220x132	srhd	digiczsk	https://picon.cz/download/5715/	core	bundled-catalog-240624
5717	piconsrhd-220x132-ItaliaDTT_by_chocholousek.7z	220x132	srhd	ItaliaDTT	https://picon.cz/download/5717/	core	bundled-catalog-240624
5719	piconsrhd-220x132-czskDTT_by_chocholousek.7z	220x132	srhd	czskDTT	https://picon.cz/download/5719/	core	bundled-catalog-240624
5721	piconsrhd-220x132-freeSAT_by_chocholousek.7z	220x132	srhd	freeSAT	https://picon.cz/download/5721/	core	bundled-catalog-240624
5725	piconsrhd-220x132-skylink_by_chocholousek.7z	220x132	srhd	skylink	https://picon.cz/download/5725/	core	bundled-catalog-240624
5728	piconsrhd-100x60-0.8W_by_chocholousek.7z	100x60	srhd	0.8W	https://picon.cz/download/5728/	core	bundled-catalog-240624
5730	piconsrhd-100x60-1.0W_by_chocholousek.7z	100x60	srhd	1.0W	https://picon.cz/download/5730/	core	bundled-catalog-240624
5732	piconsrhd-100x60-1.9E_by_chocholousek.7z	100x60	srhd	1.9E	https://picon.cz/download/5732/	core	bundled-catalog-240624
5734	piconsrhd-100x60-3.0E_by_chocholousek.7z	100x60	srhd	3.0E	https://picon.cz/download/5734/	core	bundled-catalog-240624
5740	piconsrhd-100x60-4.0W_by_chocholousek.7z	100x60	srhd	4.0W	https://picon.cz/download/5740/	core	bundled-catalog-240624
5742	piconsrhd-100x60-4.8E_by_chocholousek.7z	100x60	srhd	4.8E	https://picon.cz/download/5742/	core	bundled-catalog-240624
5744	piconsrhd-100x60-4.9E_by_chocholousek.7z	100x60	srhd	4.9E	https://picon.cz/download/5744/	core	bundled-catalog-240624
5746	piconsrhd-100x60-5.0W_by_chocholousek.7z	100x60	srhd	5.0W	https://picon.cz/download/5746/	core	bundled-catalog-240624
5748	piconsrhd-100x60-7.0E_by_chocholousek.7z	100x60	srhd	7.0E	https://picon.cz/download/5748/	core	bundled-catalog-240624
5750	piconsrhd-100x60-7.0W_by_chocholousek.7z	100x60	srhd	7.0W	https://picon.cz/download/5750/	core	bundled-catalog-240624
5752	piconsrhd-100x60-8.0W_by_chocholousek.7z	100x60	srhd	8.0W	https://picon.cz/download/5752/	core	bundled-catalog-240624
5754	piconsrhd-100x60-9.0E_by_chocholousek.7z	100x60	srhd	9.0E	https://picon.cz/download/5754/	core	bundled-catalog-240624
5756	piconsrhd-100x60-10.0E_by_chocholousek.7z	100x60	srhd	10.0E	https://picon.cz/download/5756/	core	bundled-catalog-240624
5758	piconsrhd-100x60-GermanyDTT_by_chocholousek.7z	100x60	srhd	GermanyDTT	https://picon.cz/download/5758/	core	bundled-catalog-240624
5760	piconsrhd-100x60-FranceDTT_by_chocholousek.7z	100x60	srhd	FranceDTT	https://picon.cz/download/5760/	core	bundled-catalog-240624
5762	piconsrhd-100x60-13.0E_by_chocholousek.7z	100x60	srhd	13.0E	https://picon.cz/download/5762/	core	bundled-catalog-240624
5764	piconsrhd-100x60-14.0W_by_chocholousek.7z	100x60	srhd	14.0W	https://picon.cz/download/5764/	core	bundled-catalog-240624
5766	piconsrhd-100x60-15.0W_by_chocholousek.7z	100x60	srhd	15.0W	https://picon.cz/download/5766/	core	bundled-catalog-240624
5768	piconsrhd-100x60-16.0E_by_chocholousek.7z	100x60	srhd	16.0E	https://picon.cz/download/5768/	core	bundled-catalog-240624
5772	piconsrhd-100x60-19.2E_by_chocholousek.7z	100x60	srhd	19.2E	https://picon.cz/download/5772/	core	bundled-catalog-240624
5774	piconsrhd-100x60-PolandDTT_by_chocholousek.7z	100x60	srhd	PolandDTT	https://picon.cz/download/5774/	core	bundled-catalog-240624
5776	piconsrhd-100x60-21.5E_by_chocholousek.7z	100x60	srhd	21.5E	https://picon.cz/download/5776/	core	bundled-catalog-240624
5778	piconsrhd-100x60-22.0W_by_chocholousek.7z	100x60	srhd	22.0W	https://picon.cz/download/5778/	core	bundled-catalog-240624
5780	piconsrhd-100x60-23.5E_by_chocholousek.7z	100x60	srhd	23.5E	https://picon.cz/download/5780/	core	bundled-catalog-240624
5782	piconsrhd-100x60-24.5W_by_chocholousek.7z	100x60	srhd	24.5W	https://picon.cz/download/5782/	core	bundled-catalog-240624
5784	piconsrhd-100x60-26.0E_by_chocholousek.7z	100x60	srhd	26.0E	https://picon.cz/download/5784/	core	bundled-catalog-240624
5786	piconsrhd-100x60-27.5W_by_chocholousek.7z	100x60	srhd	27.5W	https://picon.cz/download/5786/	core	bundled-catalog-240624
5788	piconsrhd-100x60-28.2E_by_chocholousek.7z	100x60	srhd	28.2E	https://picon.cz/download/5788/	core	bundled-catalog-240624
5790	piconsrhd-100x60-30.0W_by_chocholousek.7z	100x60	srhd	30.0W	https://picon.cz/download/5790/	core	bundled-catalog-240624
5792	piconsrhd-100x60-30.5E_by_chocholousek.7z	100x60	srhd	30.5E	https://picon.cz/download/5792/	core	bundled-catalog-240624
5794	piconsrhd-100x60-31.5E_by_chocholousek.7z	100x60	srhd	31.5E	https://picon.cz/download/5794/	core	bundled-catalog-240624
5796	piconsrhd-100x60-33.0E_by_chocholousek.7z	100x60	srhd	33.0E	https://picon.cz/download/5796/	core	bundled-catalog-240624
5798	piconsrhd-100x60-36.0E_by_chocholousek.7z	100x60	srhd	36.0E	https://picon.cz/download/5798/	core	bundled-catalog-240624
5800	piconsrhd-100x60-39.0E_by_chocholousek.7z	100x60	srhd	39.0E	https://picon.cz/download/5800/	core	bundled-catalog-240624
5802	piconsrhd-100x60-42.0E_by_chocholousek.7z	100x60	srhd	42.0E	https://picon.cz/download/5802/	core	bundled-catalog-240624
5804	piconsrhd-100x60-45.0E_by_chocholousek.7z	100x60	srhd	45.0E	https://picon.cz/download/5804/	core	bundled-catalog-240624
5808	piconsrhd-100x60-46.0E_by_chocholousek.7z	100x60	srhd	46.0E	https://picon.cz/download/5808/	core	bundled-catalog-240624
5810	piconsrhd-100x60-51.5E_by_chocholousek.7z	100x60	srhd	51.5E	https://picon.cz/download/5810/	core	bundled-catalog-240624
5812	piconsrhd-100x60-52.0E_by_chocholousek.7z	100x60	srhd	52.0E	https://picon.cz/download/5812/	core	bundled-catalog-240624
5814	piconsrhd-100x60-52.5E_by_chocholousek.7z	100x60	srhd	52.5E	https://picon.cz/download/5814/	core	bundled-catalog-240624
5816	piconsrhd-100x60-53.0E_by_chocholousek.7z	100x60	srhd	53.0E	https://picon.cz/download/5816/	core	bundled-catalog-240624
5818	piconsrhd-100x60-54.9E_by_chocholousek.7z	100x60	srhd	54.9E	https://picon.cz/download/5818/	core	bundled-catalog-240624
5820	piconsrhd-100x60-56.0E_by_chocholousek.7z	100x60	srhd	56.0E	https://picon.cz/download/5820/	core	bundled-catalog-240624
5822	piconsrhd-100x60-62.0E_by_chocholousek.7z	100x60	srhd	62.0E	https://picon.cz/download/5822/	core	bundled-catalog-240624
5824	piconsrhd-100x60-66.0E_by_chocholousek.7z	100x60	srhd	66.0E	https://picon.cz/download/5824/	core	bundled-catalog-240624
5826	piconsrhd-100x60-68.5E_by_chocholousek.7z	100x60	srhd	68.5E	https://picon.cz/download/5826/	core	bundled-catalog-240624
5828	piconsrhd-100x60-70.5E_by_chocholousek.7z	100x60	srhd	70.5E	https://picon.cz/download/5828/	core	bundled-catalog-240624
5832	piconsrhd-100x60-75.0E_by_chocholousek.7z	100x60	srhd	75.0E	https://picon.cz/download/5832/	core	bundled-catalog-240624
5834	piconsrhd-100x60-80.0E_by_chocholousek.7z	100x60	srhd	80.0E	https://picon.cz/download/5834/	core	bundled-catalog-240624
5838	piconsrhd-100x60-antiksat_by_chocholousek.7z	100x60	srhd	antiksat	https://picon.cz/download/5838/	core	bundled-catalog-240624
5840	piconsrhd-100x60-digiczsk_by_chocholousek.7z	100x60	srhd	digiczsk	https://picon.cz/download/5840/	core	bundled-catalog-240624
5842	piconsrhd-100x60-ItaliaDTT_by_chocholousek.7z	100x60	srhd	ItaliaDTT	https://picon.cz/download/5842/	core	bundled-catalog-240624
5844	piconsrhd-100x60-czskDTT_by_chocholousek.7z	100x60	srhd	czskDTT	https://picon.cz/download/5844/	core	bundled-catalog-240624
5846	piconsrhd-100x60-freeSAT_by_chocholousek.7z	100x60	srhd	freeSAT	https://picon.cz/download/5846/	core	bundled-catalog-240624
5850	piconsrhd-100x60-skylink_by_chocholousek.7z	100x60	srhd	skylink	https://picon.cz/download/5850/	core	bundled-catalog-240624
5855	piconfreezeframe-220x132-0.8W_by_chocholousek.7z	220x132	freezeframe	0.8W	https://picon.cz/download/5855/	core	bundled-catalog-240624
5857	piconfreezeframe-220x132-1.0W_by_chocholousek.7z	220x132	freezeframe	1.0W	https://picon.cz/download/5857/	core	bundled-catalog-240624
5859	piconfreezeframe-220x132-1.9E_by_chocholousek.7z	220x132	freezeframe	1.9E	https://picon.cz/download/5859/	core	bundled-catalog-240624
5861	piconfreezeframe-220x132-3.0E_by_chocholousek.7z	220x132	freezeframe	3.0E	https://picon.cz/download/5861/	core	bundled-catalog-240624
5867	piconfreezeframe-220x132-4.0W_by_chocholousek.7z	220x132	freezeframe	4.0W	https://picon.cz/download/5867/	core	bundled-catalog-240624
5869	piconfreezeframe-220x132-4.8E_by_chocholousek.7z	220x132	freezeframe	4.8E	https://picon.cz/download/5869/	core	bundled-catalog-240624
5871	piconfreezeframe-220x132-4.9E_by_chocholousek.7z	220x132	freezeframe	4.9E	https://picon.cz/download/5871/	core	bundled-catalog-240624
5873	piconfreezeframe-220x132-5.0W_by_chocholousek.7z	220x132	freezeframe	5.0W	https://picon.cz/download/5873/	core	bundled-catalog-240624
5875	piconfreezeframe-220x132-7.0E_by_chocholousek.7z	220x132	freezeframe	7.0E	https://picon.cz/download/5875/	core	bundled-catalog-240624
5877	piconfreezeframe-220x132-7.0W_by_chocholousek.7z	220x132	freezeframe	7.0W	https://picon.cz/download/5877/	core	bundled-catalog-240624
5879	piconfreezeframe-220x132-8.0W_by_chocholousek.7z	220x132	freezeframe	8.0W	https://picon.cz/download/5879/	core	bundled-catalog-240624
5881	piconfreezeframe-220x132-9.0E_by_chocholousek.7z	220x132	freezeframe	9.0E	https://picon.cz/download/5881/	core	bundled-catalog-240624
5883	piconfreezeframe-220x132-10.0E_by_chocholousek.7z	220x132	freezeframe	10.0E	https://picon.cz/download/5883/	core	bundled-catalog-240624
5885	piconfreezeframe-220x132-GermanyDTT_by_chocholousek.7z	220x132	freezeframe	GermanyDTT	https://picon.cz/download/5885/	core	bundled-catalog-240624
5887	piconfreezeframe-220x132-FranceDTT_by_chocholousek.7z	220x132	freezeframe	FranceDTT	https://picon.cz/download/5887/	core	bundled-catalog-240624
5889	piconfreezeframe-220x132-13.0E_by_chocholousek.7z	220x132	freezeframe	13.0E	https://picon.cz/download/5889/	core	bundled-catalog-240624
5891	piconfreezeframe-220x132-14.0W_by_chocholousek.7z	220x132	freezeframe	14.0W	https://picon.cz/download/5891/	core	bundled-catalog-240624
5893	piconfreezeframe-220x132-15.0W_by_chocholousek.7z	220x132	freezeframe	15.0W	https://picon.cz/download/5893/	core	bundled-catalog-240624
5895	piconfreezeframe-220x132-16.0E_by_chocholousek.7z	220x132	freezeframe	16.0E	https://picon.cz/download/5895/	core	bundled-catalog-240624
5899	piconfreezeframe-220x132-19.2E_by_chocholousek.7z	220x132	freezeframe	19.2E	https://picon.cz/download/5899/	core	bundled-catalog-240624
5901	piconfreezeframe-220x132-PolandDTT_by_chocholousek.7z	220x132	freezeframe	PolandDTT	https://picon.cz/download/5901/	core	bundled-catalog-240624
5903	piconfreezeframe-220x132-21.5E_by_chocholousek.7z	220x132	freezeframe	21.5E	https://picon.cz/download/5903/	core	bundled-catalog-240624
5905	piconfreezeframe-220x132-22.0W_by_chocholousek.7z	220x132	freezeframe	22.0W	https://picon.cz/download/5905/	core	bundled-catalog-240624
5907	piconfreezeframe-220x132-23.5E_by_chocholousek.7z	220x132	freezeframe	23.5E	https://picon.cz/download/5907/	core	bundled-catalog-240624
5909	piconfreezeframe-220x132-24.5W_by_chocholousek.7z	220x132	freezeframe	24.5W	https://picon.cz/download/5909/	core	bundled-catalog-240624
5911	piconfreezeframe-220x132-26.0E_by_chocholousek.7z	220x132	freezeframe	26.0E	https://picon.cz/download/5911/	core	bundled-catalog-240624
5913	piconfreezeframe-220x132-27.5W_by_chocholousek.7z	220x132	freezeframe	27.5W	https://picon.cz/download/5913/	core	bundled-catalog-240624
5915	piconfreezeframe-220x132-28.2E_by_chocholousek.7z	220x132	freezeframe	28.2E	https://picon.cz/download/5915/	core	bundled-catalog-240624
5917	piconfreezeframe-220x132-30.0W_by_chocholousek.7z	220x132	freezeframe	30.0W	https://picon.cz/download/5917/	core	bundled-catalog-240624
5919	piconfreezeframe-220x132-30.5E_by_chocholousek.7z	220x132	freezeframe	30.5E	https://picon.cz/download/5919/	core	bundled-catalog-240624
5921	piconfreezeframe-220x132-31.5E_by_chocholousek.7z	220x132	freezeframe	31.5E	https://picon.cz/download/5921/	core	bundled-catalog-240624
5923	piconfreezeframe-220x132-33.0E_by_chocholousek.7z	220x132	freezeframe	33.0E	https://picon.cz/download/5923/	core	bundled-catalog-240624
5925	piconfreezeframe-220x132-36.0E_by_chocholousek.7z	220x132	freezeframe	36.0E	https://picon.cz/download/5925/	core	bundled-catalog-240624
5927	piconfreezeframe-220x132-39.0E_by_chocholousek.7z	220x132	freezeframe	39.0E	https://picon.cz/download/5927/	core	bundled-catalog-240624
5929	piconfreezeframe-220x132-42.0E_by_chocholousek.7z	220x132	freezeframe	42.0E	https://picon.cz/download/5929/	core	bundled-catalog-240624
5931	piconfreezeframe-220x132-45.0E_by_chocholousek.7z	220x132	freezeframe	45.0E	https://picon.cz/download/5931/	core	bundled-catalog-240624
5935	piconfreezeframe-220x132-46.0E_by_chocholousek.7z	220x132	freezeframe	46.0E	https://picon.cz/download/5935/	core	bundled-catalog-240624
5937	piconfreezeframe-220x132-51.5E_by_chocholousek.7z	220x132	freezeframe	51.5E	https://picon.cz/download/5937/	core	bundled-catalog-240624
5939	piconfreezeframe-220x132-52.0E_by_chocholousek.7z	220x132	freezeframe	52.0E	https://picon.cz/download/5939/	core	bundled-catalog-240624
5941	piconfreezeframe-220x132-52.5E_by_chocholousek.7z	220x132	freezeframe	52.5E	https://picon.cz/download/5941/	core	bundled-catalog-240624
5943	piconfreezeframe-220x132-53.0E_by_chocholousek.7z	220x132	freezeframe	53.0E	https://picon.cz/download/5943/	core	bundled-catalog-240624
5945	piconfreezeframe-220x132-54.9E_by_chocholousek.7z	220x132	freezeframe	54.9E	https://picon.cz/download/5945/	core	bundled-catalog-240624
5947	piconfreezeframe-220x132-56.0E_by_chocholousek.7z	220x132	freezeframe	56.0E	https://picon.cz/download/5947/	core	bundled-catalog-240624
5949	piconfreezeframe-220x132-62.0E_by_chocholousek.7z	220x132	freezeframe	62.0E	https://picon.cz/download/5949/	core	bundled-catalog-240624
5951	piconfreezeframe-220x132-66.0E_by_chocholousek.7z	220x132	freezeframe	66.0E	https://picon.cz/download/5951/	core	bundled-catalog-240624
5953	piconfreezeframe-220x132-68.5E_by_chocholousek.7z	220x132	freezeframe	68.5E	https://picon.cz/download/5953/	core	bundled-catalog-240624
5955	piconfreezeframe-220x132-70.5E_by_chocholousek.7z	220x132	freezeframe	70.5E	https://picon.cz/download/5955/	core	bundled-catalog-240624
5959	piconfreezeframe-220x132-75.0E_by_chocholousek.7z	220x132	freezeframe	75.0E	https://picon.cz/download/5959/	core	bundled-catalog-240624
5961	piconfreezeframe-220x132-80.0E_by_chocholousek.7z	220x132	freezeframe	80.0E	https://picon.cz/download/5961/	core	bundled-catalog-240624
5965	piconfreezeframe-220x132-antiksat_by_chocholousek.7z	220x132	freezeframe	antiksat	https://picon.cz/download/5965/	core	bundled-catalog-240624
5967	piconfreezeframe-220x132-digiczsk_by_chocholousek.7z	220x132	freezeframe	digiczsk	https://picon.cz/download/5967/	core	bundled-catalog-240624
5969	piconfreezeframe-220x132-ItaliaDTT_by_chocholousek.7z	220x132	freezeframe	ItaliaDTT	https://picon.cz/download/5969/	core	bundled-catalog-240624
5971	piconfreezeframe-220x132-czskDTT_by_chocholousek.7z	220x132	freezeframe	czskDTT	https://picon.cz/download/5971/	core	bundled-catalog-240624
5973	piconfreezeframe-220x132-freeSAT_by_chocholousek.7z	220x132	freezeframe	freeSAT	https://picon.cz/download/5973/	core	bundled-catalog-240624
5977	piconfreezeframe-220x132-skylink_by_chocholousek.7z	220x132	freezeframe	skylink	https://picon.cz/download/5977/	core	bundled-catalog-240624
5981	piconfreezeframe-400x240-0.8W_by_chocholousek.7z	400x240	freezeframe	0.8W	https://picon.cz/download/5981/	core	bundled-catalog-240624
5983	piconfreezeframe-400x240-1.0W_by_chocholousek.7z	400x240	freezeframe	1.0W	https://picon.cz/download/5983/	core	bundled-catalog-240624
5985	piconfreezeframe-400x240-1.9E_by_chocholousek.7z	400x240	freezeframe	1.9E	https://picon.cz/download/5985/	core	bundled-catalog-240624
5987	piconfreezeframe-400x240-3.0E_by_chocholousek.7z	400x240	freezeframe	3.0E	https://picon.cz/download/5987/	core	bundled-catalog-240624
5993	piconfreezeframe-400x240-4.0W_by_chocholousek.7z	400x240	freezeframe	4.0W	https://picon.cz/download/5993/	core	bundled-catalog-240624
5995	piconfreezeframe-400x240-4.8E_by_chocholousek.7z	400x240	freezeframe	4.8E	https://picon.cz/download/5995/	core	bundled-catalog-240624
5997	piconfreezeframe-400x240-4.9E_by_chocholousek.7z	400x240	freezeframe	4.9E	https://picon.cz/download/5997/	core	bundled-catalog-240624
5999	piconfreezeframe-400x240-5.0W_by_chocholousek.7z	400x240	freezeframe	5.0W	https://picon.cz/download/5999/	core	bundled-catalog-240624
6001	piconfreezeframe-400x240-7.0E_by_chocholousek.7z	400x240	freezeframe	7.0E	https://picon.cz/download/6001/	core	bundled-catalog-240624
6003	piconfreezeframe-400x240-7.0W_by_chocholousek.7z	400x240	freezeframe	7.0W	https://picon.cz/download/6003/	core	bundled-catalog-240624
6005	piconfreezeframe-400x240-8.0W_by_chocholousek.7z	400x240	freezeframe	8.0W	https://picon.cz/download/6005/	core	bundled-catalog-240624
6007	piconfreezeframe-400x240-9.0E_by_chocholousek.7z	400x240	freezeframe	9.0E	https://picon.cz/download/6007/	core	bundled-catalog-240624
6009	piconfreezeframe-400x240-10.0E_by_chocholousek.7z	400x240	freezeframe	10.0E	https://picon.cz/download/6009/	core	bundled-catalog-240624
6011	piconfreezeframe-400x240-GermanyDTT_by_chocholousek.7z	400x240	freezeframe	GermanyDTT	https://picon.cz/download/6011/	core	bundled-catalog-240624
6013	piconfreezeframe-400x240-FranceDTT_by_chocholousek.7z	400x240	freezeframe	FranceDTT	https://picon.cz/download/6013/	core	bundled-catalog-240624
6015	piconfreezeframe-400x240-13.0E_by_chocholousek.7z	400x240	freezeframe	13.0E	https://picon.cz/download/6015/	core	bundled-catalog-240624
6017	piconfreezeframe-400x240-14.0W_by_chocholousek.7z	400x240	freezeframe	14.0W	https://picon.cz/download/6017/	core	bundled-catalog-240624
6019	piconfreezeframe-400x240-15.0W_by_chocholousek.7z	400x240	freezeframe	15.0W	https://picon.cz/download/6019/	core	bundled-catalog-240624
6021	piconfreezeframe-400x240-16.0E_by_chocholousek.7z	400x240	freezeframe	16.0E	https://picon.cz/download/6021/	core	bundled-catalog-240624
6025	piconfreezeframe-400x240-19.2E_by_chocholousek.7z	400x240	freezeframe	19.2E	https://picon.cz/download/6025/	core	bundled-catalog-240624
6027	piconfreezeframe-400x240-PolandDTT_by_chocholousek.7z	400x240	freezeframe	PolandDTT	https://picon.cz/download/6027/	core	bundled-catalog-240624
6029	piconfreezeframe-400x240-21.5E_by_chocholousek.7z	400x240	freezeframe	21.5E	https://picon.cz/download/6029/	core	bundled-catalog-240624
6031	piconfreezeframe-400x240-22.0W_by_chocholousek.7z	400x240	freezeframe	22.0W	https://picon.cz/download/6031/	core	bundled-catalog-240624
6033	piconfreezeframe-400x240-23.5E_by_chocholousek.7z	400x240	freezeframe	23.5E	https://picon.cz/download/6033/	core	bundled-catalog-240624
6035	piconfreezeframe-400x240-24.5W_by_chocholousek.7z	400x240	freezeframe	24.5W	https://picon.cz/download/6035/	core	bundled-catalog-240624
6037	piconfreezeframe-400x240-26.0E_by_chocholousek.7z	400x240	freezeframe	26.0E	https://picon.cz/download/6037/	core	bundled-catalog-240624
6039	piconfreezeframe-400x240-27.5W_by_chocholousek.7z	400x240	freezeframe	27.5W	https://picon.cz/download/6039/	core	bundled-catalog-240624
6041	piconfreezeframe-400x240-28.2E_by_chocholousek.7z	400x240	freezeframe	28.2E	https://picon.cz/download/6041/	core	bundled-catalog-240624
6043	piconfreezeframe-400x240-30.0W_by_chocholousek.7z	400x240	freezeframe	30.0W	https://picon.cz/download/6043/	core	bundled-catalog-240624
6045	piconfreezeframe-400x240-30.5E_by_chocholousek.7z	400x240	freezeframe	30.5E	https://picon.cz/download/6045/	core	bundled-catalog-240624
6047	piconfreezeframe-400x240-31.5E_by_chocholousek.7z	400x240	freezeframe	31.5E	https://picon.cz/download/6047/	core	bundled-catalog-240624
6049	piconfreezeframe-400x240-33.0E_by_chocholousek.7z	400x240	freezeframe	33.0E	https://picon.cz/download/6049/	core	bundled-catalog-240624
6051	piconfreezeframe-400x240-36.0E_by_chocholousek.7z	400x240	freezeframe	36.0E	https://picon.cz/download/6051/	core	bundled-catalog-240624
6053	piconfreezeframe-400x240-39.0E_by_chocholousek.7z	400x240	freezeframe	39.0E	https://picon.cz/download/6053/	core	bundled-catalog-240624
6055	piconfreezeframe-400x240-42.0E_by_chocholousek.7z	400x240	freezeframe	42.0E	https://picon.cz/download/6055/	core	bundled-catalog-240624
6057	piconfreezeframe-400x240-45.0E_by_chocholousek.7z	400x240	freezeframe	45.0E	https://picon.cz/download/6057/	core	bundled-catalog-240624
6061	piconfreezeframe-400x240-46.0E_by_chocholousek.7z	400x240	freezeframe	46.0E	https://picon.cz/download/6061/	core	bundled-catalog-240624
6063	piconfreezeframe-400x240-51.5E_by_chocholousek.7z	400x240	freezeframe	51.5E	https://picon.cz/download/6063/	core	bundled-catalog-240624
6065	piconfreezeframe-400x240-52.0E_by_chocholousek.7z	400x240	freezeframe	52.0E	https://picon.cz/download/6065/	core	bundled-catalog-240624
6067	piconfreezeframe-400x240-52.5E_by_chocholousek.7z	400x240	freezeframe	52.5E	https://picon.cz/download/6067/	core	bundled-catalog-240624
6069	piconfreezeframe-400x240-53.0E_by_chocholousek.7z	400x240	freezeframe	53.0E	https://picon.cz/download/6069/	core	bundled-catalog-240624
6071	piconfreezeframe-400x240-54.9E_by_chocholousek.7z	400x240	freezeframe	54.9E	https://picon.cz/download/6071/	core	bundled-catalog-240624
6073	piconfreezeframe-400x240-56.0E_by_chocholousek.7z	400x240	freezeframe	56.0E	https://picon.cz/download/6073/	core	bundled-catalog-240624
6075	piconfreezeframe-400x240-62.0E_by_chocholousek.7z	400x240	freezeframe	62.0E	https://picon.cz/download/6075/	core	bundled-catalog-240624
6077	piconfreezeframe-400x240-66.0E_by_chocholousek.7z	400x240	freezeframe	66.0E	https://picon.cz/download/6077/	core	bundled-catalog-240624
6079	piconfreezeframe-400x240-68.5E_by_chocholousek.7z	400x240	freezeframe	68.5E	https://picon.cz/download/6079/	core	bundled-catalog-240624
6081	piconfreezeframe-400x240-70.5E_by_chocholousek.7z	400x240	freezeframe	70.5E	https://picon.cz/download/6081/	core	bundled-catalog-240624
6085	piconfreezeframe-400x240-75.0E_by_chocholousek.7z	400x240	freezeframe	75.0E	https://picon.cz/download/6085/	core	bundled-catalog-240624
6087	piconfreezeframe-400x240-80.0E_by_chocholousek.7z	400x240	freezeframe	80.0E	https://picon.cz/download/6087/	core	bundled-catalog-240624
6091	piconfreezeframe-400x240-antiksat_by_chocholousek.7z	400x240	freezeframe	antiksat	https://picon.cz/download/6091/	core	bundled-catalog-240624
6093	piconfreezeframe-400x240-digiczsk_by_chocholousek.7z	400x240	freezeframe	digiczsk	https://picon.cz/download/6093/	core	bundled-catalog-240624
6095	piconfreezeframe-400x240-ItaliaDTT_by_chocholousek.7z	400x240	freezeframe	ItaliaDTT	https://picon.cz/download/6095/	core	bundled-catalog-240624
6097	piconfreezeframe-400x240-czskDTT_by_chocholousek.7z	400x240	freezeframe	czskDTT	https://picon.cz/download/6097/	core	bundled-catalog-240624
6099	piconfreezeframe-400x240-freeSAT_by_chocholousek.7z	400x240	freezeframe	freeSAT	https://picon.cz/download/6099/	core	bundled-catalog-240624
6103	piconfreezeframe-400x240-skylink_by_chocholousek.7z	400x240	freezeframe	skylink	https://picon.cz/download/6103/	core	bundled-catalog-240624
6233	piconnoName-220x132-0.8W_by_chocholousek.7z	220x132	noName	0.8W	https://picon.cz/download/6233/	core	bundled-catalog-240624
6235	piconnoName-220x132-1.0W_by_chocholousek.7z	220x132	noName	1.0W	https://picon.cz/download/6235/	core	bundled-catalog-240624
6237	piconnoName-220x132-1.9E_by_chocholousek.7z	220x132	noName	1.9E	https://picon.cz/download/6237/	core	bundled-catalog-240624
6239	piconnoName-220x132-3.0E_by_chocholousek.7z	220x132	noName	3.0E	https://picon.cz/download/6239/	core	bundled-catalog-240624
6245	piconnoName-220x132-4.0W_by_chocholousek.7z	220x132	noName	4.0W	https://picon.cz/download/6245/	core	bundled-catalog-240624
6247	piconnoName-220x132-4.8E_by_chocholousek.7z	220x132	noName	4.8E	https://picon.cz/download/6247/	core	bundled-catalog-240624
6249	piconnoName-220x132-4.9E_by_chocholousek.7z	220x132	noName	4.9E	https://picon.cz/download/6249/	core	bundled-catalog-240624
6251	piconnoName-220x132-5.0W_by_chocholousek.7z	220x132	noName	5.0W	https://picon.cz/download/6251/	core	bundled-catalog-240624
6253	piconnoName-220x132-7.0E_by_chocholousek.7z	220x132	noName	7.0E	https://picon.cz/download/6253/	core	bundled-catalog-240624
6255	piconnoName-220x132-7.0W_by_chocholousek.7z	220x132	noName	7.0W	https://picon.cz/download/6255/	core	bundled-catalog-240624
6257	piconnoName-220x132-8.0W_by_chocholousek.7z	220x132	noName	8.0W	https://picon.cz/download/6257/	core	bundled-catalog-240624
6259	piconnoName-220x132-9.0E_by_chocholousek.7z	220x132	noName	9.0E	https://picon.cz/download/6259/	core	bundled-catalog-240624
6261	piconnoName-220x132-10.0E_by_chocholousek.7z	220x132	noName	10.0E	https://picon.cz/download/6261/	core	bundled-catalog-240624
6263	piconnoName-220x132-GermanyDTT_by_chocholousek.7z	220x132	noName	GermanyDTT	https://picon.cz/download/6263/	core	bundled-catalog-240624
6265	piconnoName-220x132-FranceDTT_by_chocholousek.7z	220x132	noName	FranceDTT	https://picon.cz/download/6265/	core	bundled-catalog-240624
6267	piconnoName-220x132-13.0E_by_chocholousek.7z	220x132	noName	13.0E	https://picon.cz/download/6267/	core	bundled-catalog-240624
6269	piconnoName-220x132-14.0W_by_chocholousek.7z	220x132	noName	14.0W	https://picon.cz/download/6269/	core	bundled-catalog-240624
6271	piconnoName-220x132-15.0W_by_chocholousek.7z	220x132	noName	15.0W	https://picon.cz/download/6271/	core	bundled-catalog-240624
6273	piconnoName-220x132-16.0E_by_chocholousek.7z	220x132	noName	16.0E	https://picon.cz/download/6273/	core	bundled-catalog-240624
6277	piconnoName-220x132-19.2E_by_chocholousek.7z	220x132	noName	19.2E	https://picon.cz/download/6277/	core	bundled-catalog-240624
6279	piconnoName-220x132-PolandDTT_by_chocholousek.7z	220x132	noName	PolandDTT	https://picon.cz/download/6279/	core	bundled-catalog-240624
6281	piconnoName-220x132-21.5E_by_chocholousek.7z	220x132	noName	21.5E	https://picon.cz/download/6281/	core	bundled-catalog-240624
6283	piconnoName-220x132-22.0W_by_chocholousek.7z	220x132	noName	22.0W	https://picon.cz/download/6283/	core	bundled-catalog-240624
6285	piconnoName-220x132-23.5E_by_chocholousek.7z	220x132	noName	23.5E	https://picon.cz/download/6285/	core	bundled-catalog-240624
6287	piconnoName-220x132-24.5W_by_chocholousek.7z	220x132	noName	24.5W	https://picon.cz/download/6287/	core	bundled-catalog-240624
6289	piconnoName-220x132-26.0E_by_chocholousek.7z	220x132	noName	26.0E	https://picon.cz/download/6289/	core	bundled-catalog-240624
6291	piconnoName-220x132-27.5W_by_chocholousek.7z	220x132	noName	27.5W	https://picon.cz/download/6291/	core	bundled-catalog-240624
6293	piconnoName-220x132-28.2E_by_chocholousek.7z	220x132	noName	28.2E	https://picon.cz/download/6293/	core	bundled-catalog-240624
6295	piconnoName-220x132-30.0W_by_chocholousek.7z	220x132	noName	30.0W	https://picon.cz/download/6295/	core	bundled-catalog-240624
6297	piconnoName-220x132-30.5E_by_chocholousek.7z	220x132	noName	30.5E	https://picon.cz/download/6297/	core	bundled-catalog-240624
6299	piconnoName-220x132-31.5E_by_chocholousek.7z	220x132	noName	31.5E	https://picon.cz/download/6299/	core	bundled-catalog-240624
6301	piconnoName-220x132-33.0E_by_chocholousek.7z	220x132	noName	33.0E	https://picon.cz/download/6301/	core	bundled-catalog-240624
6303	piconnoName-220x132-36.0E_by_chocholousek.7z	220x132	noName	36.0E	https://picon.cz/download/6303/	core	bundled-catalog-240624
6305	piconnoName-220x132-39.0E_by_chocholousek.7z	220x132	noName	39.0E	https://picon.cz/download/6305/	core	bundled-catalog-240624
6307	piconnoName-220x132-42.0E_by_chocholousek.7z	220x132	noName	42.0E	https://picon.cz/download/6307/	core	bundled-catalog-240624
6309	piconnoName-220x132-45.0E_by_chocholousek.7z	220x132	noName	45.0E	https://picon.cz/download/6309/	core	bundled-catalog-240624
6313	piconnoName-220x132-46.0E_by_chocholousek.7z	220x132	noName	46.0E	https://picon.cz/download/6313/	core	bundled-catalog-240624
6315	piconnoName-220x132-51.5E_by_chocholousek.7z	220x132	noName	51.5E	https://picon.cz/download/6315/	core	bundled-catalog-240624
6317	piconnoName-220x132-52.0E_by_chocholousek.7z	220x132	noName	52.0E	https://picon.cz/download/6317/	core	bundled-catalog-240624
6319	piconnoName-220x132-52.5E_by_chocholousek.7z	220x132	noName	52.5E	https://picon.cz/download/6319/	core	bundled-catalog-240624
6321	piconnoName-220x132-53.0E_by_chocholousek.7z	220x132	noName	53.0E	https://picon.cz/download/6321/	core	bundled-catalog-240624
6323	piconnoName-220x132-54.9E_by_chocholousek.7z	220x132	noName	54.9E	https://picon.cz/download/6323/	core	bundled-catalog-240624
6325	piconnoName-220x132-56.0E_by_chocholousek.7z	220x132	noName	56.0E	https://picon.cz/download/6325/	core	bundled-catalog-240624
6327	piconnoName-220x132-62.0E_by_chocholousek.7z	220x132	noName	62.0E	https://picon.cz/download/6327/	core	bundled-catalog-240624
6329	piconnoName-220x132-66.0E_by_chocholousek.7z	220x132	noName	66.0E	https://picon.cz/download/6329/	core	bundled-catalog-240624
6331	piconnoName-220x132-68.5E_by_chocholousek.7z	220x132	noName	68.5E	https://picon.cz/download/6331/	core	bundled-catalog-240624
6333	piconnoName-220x132-70.5E_by_chocholousek.7z	220x132	noName	70.5E	https://picon.cz/download/6333/	core	bundled-catalog-240624
6337	piconnoName-220x132-75.0E_by_chocholousek.7z	220x132	noName	75.0E	https://picon.cz/download/6337/	core	bundled-catalog-240624
6339	piconnoName-220x132-80.0E_by_chocholousek.7z	220x132	noName	80.0E	https://picon.cz/download/6339/	core	bundled-catalog-240624
6343	piconnoName-220x132-antiksat_by_chocholousek.7z	220x132	noName	antiksat	https://picon.cz/download/6343/	core	bundled-catalog-240624
6345	piconnoName-220x132-digiczsk_by_chocholousek.7z	220x132	noName	digiczsk	https://picon.cz/download/6345/	core	bundled-catalog-240624
6347	piconnoName-220x132-ItaliaDTT_by_chocholousek.7z	220x132	noName	ItaliaDTT	https://picon.cz/download/6347/	core	bundled-catalog-240624
6349	piconnoName-220x132-czskDTT_by_chocholousek.7z	220x132	noName	czskDTT	https://picon.cz/download/6349/	core	bundled-catalog-240624
6351	piconnoName-220x132-freeSAT_by_chocholousek.7z	220x132	noName	freeSAT	https://picon.cz/download/6351/	core	bundled-catalog-240624
6355	piconnoName-220x132-skylink_by_chocholousek.7z	220x132	noName	skylink	https://picon.cz/download/6355/	core	bundled-catalog-240624
6488	piconSNPtransparent-220x132-0.8W_by_chocholousek.7z	220x132	SNPtransparent	0.8W	https://picon.cz/download/6488/	core	bundled-catalog-240624
6490	piconSNPtransparent-220x132-1.9E_by_chocholousek.7z	220x132	SNPtransparent	1.9E	https://picon.cz/download/6490/	core	bundled-catalog-240624
6492	piconSNPtransparent-220x132-3.0E_by_chocholousek.7z	220x132	SNPtransparent	3.0E	https://picon.cz/download/6492/	core	bundled-catalog-240624
6494	piconSNPtransparent-220x132-4.0W_by_chocholousek.7z	220x132	SNPtransparent	4.0W	https://picon.cz/download/6494/	core	bundled-catalog-240624
6496	piconSNPtransparent-220x132-4.8E_by_chocholousek.7z	220x132	SNPtransparent	4.8E	https://picon.cz/download/6496/	core	bundled-catalog-240624
6498	piconSNPtransparent-220x132-5.0W_by_chocholousek.7z	220x132	SNPtransparent	5.0W	https://picon.cz/download/6498/	core	bundled-catalog-240624
6500	piconSNPtransparent-220x132-7.0E_by_chocholousek.7z	220x132	SNPtransparent	7.0E	https://picon.cz/download/6500/	core	bundled-catalog-240624
6502	piconSNPtransparent-220x132-7.0W_by_chocholousek.7z	220x132	SNPtransparent	7.0W	https://picon.cz/download/6502/	core	bundled-catalog-240624
6504	piconSNPtransparent-220x132-8.0W_by_chocholousek.7z	220x132	SNPtransparent	8.0W	https://picon.cz/download/6504/	core	bundled-catalog-240624
6506	piconSNPtransparent-220x132-9.0E_by_chocholousek.7z	220x132	SNPtransparent	9.0E	https://picon.cz/download/6506/	core	bundled-catalog-240624
6508	piconSNPtransparent-220x132-10.0E_by_chocholousek.7z	220x132	SNPtransparent	10.0E	https://picon.cz/download/6508/	core	bundled-catalog-240624
6510	piconSNPtransparent-220x132-13.0E_by_chocholousek.7z	220x132	SNPtransparent	13.0E	https://picon.cz/download/6510/	core	bundled-catalog-240624
6512	piconSNPtransparent-220x132-14.0W_by_chocholousek.7z	220x132	SNPtransparent	14.0W	https://picon.cz/download/6512/	core	bundled-catalog-240624
6514	piconSNPtransparent-220x132-15.0W_by_chocholousek.7z	220x132	SNPtransparent	15.0W	https://picon.cz/download/6514/	core	bundled-catalog-240624
6516	piconSNPtransparent-220x132-16.0E_by_chocholousek.7z	220x132	SNPtransparent	16.0E	https://picon.cz/download/6516/	core	bundled-catalog-240624
6518	piconSNPtransparent-220x132-19.2E_by_chocholousek.7z	220x132	SNPtransparent	19.2E	https://picon.cz/download/6518/	core	bundled-catalog-240624
6520	piconSNPtransparent-220x132-21.5E_by_chocholousek.7z	220x132	SNPtransparent	21.5E	https://picon.cz/download/6520/	core	bundled-catalog-240624
6522	piconSNPtransparent-220x132-22.0W_by_chocholousek.7z	220x132	SNPtransparent	22.0W	https://picon.cz/download/6522/	core	bundled-catalog-240624
6524	piconSNPtransparent-220x132-23.5E_by_chocholousek.7z	220x132	SNPtransparent	23.5E	https://picon.cz/download/6524/	core	bundled-catalog-240624
6526	piconSNPtransparent-220x132-24.5W_by_chocholousek.7z	220x132	SNPtransparent	24.5W	https://picon.cz/download/6526/	core	bundled-catalog-240624
6528	piconSNPtransparent-220x132-26.0E_by_chocholousek.7z	220x132	SNPtransparent	26.0E	https://picon.cz/download/6528/	core	bundled-catalog-240624
6530	piconSNPtransparent-220x132-27.5W_by_chocholousek.7z	220x132	SNPtransparent	27.5W	https://picon.cz/download/6530/	core	bundled-catalog-240624
6532	piconSNPtransparent-220x132-28.2E_by_chocholousek.7z	220x132	SNPtransparent	28.2E	https://picon.cz/download/6532/	core	bundled-catalog-240624
6534	piconSNPtransparent-220x132-30.0W_by_chocholousek.7z	220x132	SNPtransparent	30.0W	https://picon.cz/download/6534/	core	bundled-catalog-240624
6536	piconSNPtransparent-220x132-30.5E_by_chocholousek.7z	220x132	SNPtransparent	30.5E	https://picon.cz/download/6536/	core	bundled-catalog-240624
6538	piconSNPtransparent-220x132-31.5E_by_chocholousek.7z	220x132	SNPtransparent	31.5E	https://picon.cz/download/6538/	core	bundled-catalog-240624
6540	piconSNPtransparent-220x132-33.0E_by_chocholousek.7z	220x132	SNPtransparent	33.0E	https://picon.cz/download/6540/	core	bundled-catalog-240624
6542	piconSNPtransparent-220x132-36.0E_by_chocholousek.7z	220x132	SNPtransparent	36.0E	https://picon.cz/download/6542/	core	bundled-catalog-240624
6544	piconSNPtransparent-220x132-39.0E_by_chocholousek.7z	220x132	SNPtransparent	39.0E	https://picon.cz/download/6544/	core	bundled-catalog-240624
6546	piconSNPtransparent-220x132-42.0E_by_chocholousek.7z	220x132	SNPtransparent	42.0E	https://picon.cz/download/6546/	core	bundled-catalog-240624
6548	piconSNPtransparent-220x132-45.0E_by_chocholousek.7z	220x132	SNPtransparent	45.0E	https://picon.cz/download/6548/	core	bundled-catalog-240624
6552	piconSNPtransparent-220x132-46.0E_by_chocholousek.7z	220x132	SNPtransparent	46.0E	https://picon.cz/download/6552/	core	bundled-catalog-240624
6554	piconSNPtransparent-220x132-51.5E_by_chocholousek.7z	220x132	SNPtransparent	51.5E	https://picon.cz/download/6554/	core	bundled-catalog-240624
6556	piconSNPtransparent-220x132-52.0E_by_chocholousek.7z	220x132	SNPtransparent	52.0E	https://picon.cz/download/6556/	core	bundled-catalog-240624
6558	piconSNPtransparent-220x132-52.5E_by_chocholousek.7z	220x132	SNPtransparent	52.5E	https://picon.cz/download/6558/	core	bundled-catalog-240624
6560	piconSNPtransparent-220x132-53.0E_by_chocholousek.7z	220x132	SNPtransparent	53.0E	https://picon.cz/download/6560/	core	bundled-catalog-240624
6562	piconSNPtransparent-220x132-54.9E_by_chocholousek.7z	220x132	SNPtransparent	54.9E	https://picon.cz/download/6562/	core	bundled-catalog-240624
6564	piconSNPtransparent-220x132-56.0E_by_chocholousek.7z	220x132	SNPtransparent	56.0E	https://picon.cz/download/6564/	core	bundled-catalog-240624
6566	piconSNPtransparent-220x132-62.0E_by_chocholousek.7z	220x132	SNPtransparent	62.0E	https://picon.cz/download/6566/	core	bundled-catalog-240624
6568	piconSNPtransparent-220x132-66.0E_by_chocholousek.7z	220x132	SNPtransparent	66.0E	https://picon.cz/download/6568/	core	bundled-catalog-240624
6570	piconSNPtransparent-220x132-68.5E_by_chocholousek.7z	220x132	SNPtransparent	68.5E	https://picon.cz/download/6570/	core	bundled-catalog-240624
6572	piconSNPtransparent-220x132-70.5E_by_chocholousek.7z	220x132	SNPtransparent	70.5E	https://picon.cz/download/6572/	core	bundled-catalog-240624
6574	piconSNPtransparent-220x132-75.0E_by_chocholousek.7z	220x132	SNPtransparent	75.0E	https://picon.cz/download/6574/	core	bundled-catalog-240624
6576	piconSNPtransparent-220x132-80.0E_by_chocholousek.7z	220x132	SNPtransparent	80.0E	https://picon.cz/download/6576/	core	bundled-catalog-240624
9090	piconSNPtransparent-220x132-ArchivCZSK_by_chocholousek.7z	220x132	SNPtransparent	ArchivCZSK	https://picon.cz/download/9090/	core	bundled-catalog-240624
6516	piconSNPtransparent-220x132-antiksat_by_chocholousek.7z	220x132	SNPtransparent	antiksat	https://picon.cz/download/6516/	core	bundled-catalog-240624
6488	piconSNPtransparent-220x132-digiczsk_by_chocholousek.7z	220x132	SNPtransparent	digiczsk	https://picon.cz/download/6488/	core	bundled-catalog-240624
6488	piconSNPtransparent-220x132-freeSAT_by_chocholousek.7z	220x132	SNPtransparent	freeSAT	https://picon.cz/download/6488/	core	bundled-catalog-240624
6524	piconSNPtransparent-220x132-skylink_by_chocholousek.7z	220x132	SNPtransparent	skylink	https://picon.cz/download/6524/	core	bundled-catalog-240624
7464	piconsimpleblack-220x132-7.0E_by_chocholousek.7z	220x132	simpleblack	7.0E	https://picon.cz/download/7464/	core	bundled-catalog-240624
7466	piconsimpleblack-220x132-7.0W_by_chocholousek.7z	220x132	simpleblack	7.0W	https://picon.cz/download/7466/	core	bundled-catalog-240624
7468	piconsimpleblack-220x132-8.0W_by_chocholousek.7z	220x132	simpleblack	8.0W	https://picon.cz/download/7468/	core	bundled-catalog-240624
7470	piconsimpleblack-220x132-9.0E_by_chocholousek.7z	220x132	simpleblack	9.0E	https://picon.cz/download/7470/	core	bundled-catalog-240624
7472	piconsimpleblack-220x132-52.5E_by_chocholousek.7z	220x132	simpleblack	52.5E	https://picon.cz/download/7472/	core	bundled-catalog-240624
7474	piconsimpleblack-220x132-53.0E_by_chocholousek.7z	220x132	simpleblack	53.0E	https://picon.cz/download/7474/	core	bundled-catalog-240624
7476	piconsimpleblack-220x132-54.9E_by_chocholousek.7z	220x132	simpleblack	54.9E	https://picon.cz/download/7476/	core	bundled-catalog-240624
7478	piconsimpleblack-220x132-56.0E_by_chocholousek.7z	220x132	simpleblack	56.0E	https://picon.cz/download/7478/	core	bundled-catalog-240624
7480	piconsimpleblack-220x132-62.0E_by_chocholousek.7z	220x132	simpleblack	62.0E	https://picon.cz/download/7480/	core	bundled-catalog-240624
7482	piconsimpleblack-220x132-66.0E_by_chocholousek.7z	220x132	simpleblack	66.0E	https://picon.cz/download/7482/	core	bundled-catalog-240624
7484	piconsimpleblack-220x132-68.5E_by_chocholousek.7z	220x132	simpleblack	68.5E	https://picon.cz/download/7484/	core	bundled-catalog-240624
7486	piconsimpleblack-220x132-70.5E_by_chocholousek.7z	220x132	simpleblack	70.5E	https://picon.cz/download/7486/	core	bundled-catalog-240624
7490	piconsimpleblack-220x132-75.0E_by_chocholousek.7z	220x132	simpleblack	75.0E	https://picon.cz/download/7490/	core	bundled-catalog-240624
7492	piconsimpleblack-220x132-80.0E_by_chocholousek.7z	220x132	simpleblack	80.0E	https://picon.cz/download/7492/	core	bundled-catalog-240624
7496	piconsimpleblack-220x132-ItaliaDTT_by_chocholousek.7z	220x132	simpleblack	ItaliaDTT	https://picon.cz/download/7496/	core	bundled-catalog-240624
7500	piconsimpleblack-220x132-4.0W_by_chocholousek.7z	220x132	simpleblack	4.0W	https://picon.cz/download/7500/	core	bundled-catalog-240624
7502	piconsimpleblack-220x132-4.8E_by_chocholousek.7z	220x132	simpleblack	4.8E	https://picon.cz/download/7502/	core	bundled-catalog-240624
7504	piconsimpleblack-220x132-4.9E_by_chocholousek.7z	220x132	simpleblack	4.9E	https://picon.cz/download/7504/	core	bundled-catalog-240624
7506	piconsimpleblack-220x132-5.0W_by_chocholousek.7z	220x132	simpleblack	5.0W	https://picon.cz/download/7506/	core	bundled-catalog-240624
7508	piconsimpleblack-220x132-30.5E_by_chocholousek.7z	220x132	simpleblack	30.5E	https://picon.cz/download/7508/	core	bundled-catalog-240624
7510	piconsimpleblack-220x132-31.5E_by_chocholousek.7z	220x132	simpleblack	31.5E	https://picon.cz/download/7510/	core	bundled-catalog-240624
7512	piconsimpleblack-220x132-33.0E_by_chocholousek.7z	220x132	simpleblack	33.0E	https://picon.cz/download/7512/	core	bundled-catalog-240624
7514	piconsimpleblack-220x132-36.0E_by_chocholousek.7z	220x132	simpleblack	36.0E	https://picon.cz/download/7514/	core	bundled-catalog-240624
7516	piconsimpleblack-220x132-39.0E_by_chocholousek.7z	220x132	simpleblack	39.0E	https://picon.cz/download/7516/	core	bundled-catalog-240624
7518	piconsimpleblack-220x132-42.0E_by_chocholousek.7z	220x132	simpleblack	42.0E	https://picon.cz/download/7518/	core	bundled-catalog-240624
7520	piconsimpleblack-220x132-45.0E_by_chocholousek.7z	220x132	simpleblack	45.0E	https://picon.cz/download/7520/	core	bundled-catalog-240624
7524	piconsimpleblack-220x132-46.0E_by_chocholousek.7z	220x132	simpleblack	46.0E	https://picon.cz/download/7524/	core	bundled-catalog-240624
7526	piconsimpleblack-220x132-51.5E_by_chocholousek.7z	220x132	simpleblack	51.5E	https://picon.cz/download/7526/	core	bundled-catalog-240624
7528	piconsimpleblack-220x132-52.0E_by_chocholousek.7z	220x132	simpleblack	52.0E	https://picon.cz/download/7528/	core	bundled-catalog-240624
7530	piconsimpleblack-220x132-1.9E_by_chocholousek.7z	220x132	simpleblack	1.9E	https://picon.cz/download/7530/	core	bundled-catalog-240624
7532	piconsimpleblack-220x132-3.0E_by_chocholousek.7z	220x132	simpleblack	3.0E	https://picon.cz/download/7532/	core	bundled-catalog-240624
7536	piconsimpleblack-220x132-GermanyDTT_by_chocholousek.7z	220x132	simpleblack	GermanyDTT	https://picon.cz/download/7536/	core	bundled-catalog-240624
7538	piconsimpleblack-220x132-FranceDTT_by_chocholousek.7z	220x132	simpleblack	FranceDTT	https://picon.cz/download/7538/	core	bundled-catalog-240624
7540	piconsimpleblack-220x132-13.0E_by_chocholousek.7z	220x132	simpleblack	13.0E	https://picon.cz/download/7540/	core	bundled-catalog-240624
7542	piconsimpleblack-220x132-14.0W_by_chocholousek.7z	220x132	simpleblack	14.0W	https://picon.cz/download/7542/	core	bundled-catalog-240624
7544	piconsimpleblack-220x132-15.0W_by_chocholousek.7z	220x132	simpleblack	15.0W	https://picon.cz/download/7544/	core	bundled-catalog-240624
7546	piconsimpleblack-220x132-16.0E_by_chocholousek.7z	220x132	simpleblack	16.0E	https://picon.cz/download/7546/	core	bundled-catalog-240624
7548	piconsimpleblack-220x132-19.2E_by_chocholousek.7z	220x132	simpleblack	19.2E	https://picon.cz/download/7548/	core	bundled-catalog-240624
7550	piconsimpleblack-220x132-PolandDTT_by_chocholousek.7z	220x132	simpleblack	PolandDTT	https://picon.cz/download/7550/	core	bundled-catalog-240624
7552	piconsimpleblack-220x132-21.5E_by_chocholousek.7z	220x132	simpleblack	21.5E	https://picon.cz/download/7552/	core	bundled-catalog-240624
7554	piconsimpleblack-220x132-22.0W_by_chocholousek.7z	220x132	simpleblack	22.0W	https://picon.cz/download/7554/	core	bundled-catalog-240624
7556	piconsimpleblack-220x132-23.5E_by_chocholousek.7z	220x132	simpleblack	23.5E	https://picon.cz/download/7556/	core	bundled-catalog-240624
7558	piconsimpleblack-220x132-24.5W_by_chocholousek.7z	220x132	simpleblack	24.5W	https://picon.cz/download/7558/	core	bundled-catalog-240624
7560	piconsimpleblack-220x132-26.0E_by_chocholousek.7z	220x132	simpleblack	26.0E	https://picon.cz/download/7560/	core	bundled-catalog-240624
7562	piconsimpleblack-220x132-27.5W_by_chocholousek.7z	220x132	simpleblack	27.5W	https://picon.cz/download/7562/	core	bundled-catalog-240624
7564	piconsimpleblack-220x132-28.2E_by_chocholousek.7z	220x132	simpleblack	28.2E	https://picon.cz/download/7564/	core	bundled-catalog-240624
7566	piconsimpleblack-220x132-30.0W_by_chocholousek.7z	220x132	simpleblack	30.0W	https://picon.cz/download/7566/	core	bundled-catalog-240624
7568	piconsimpleblack-220x132-0.8W_by_chocholousek.7z	220x132	simpleblack	0.8W	https://picon.cz/download/7568/	core	bundled-catalog-240624
7570	piconsimpleblack-220x132-1.0W_by_chocholousek.7z	220x132	simpleblack	1.0W	https://picon.cz/download/7570/	core	bundled-catalog-240624
7572	piconsimpleblack-220x132-10.0E_by_chocholousek.7z	220x132	simpleblack	10.0E	https://picon.cz/download/7572/	core	bundled-catalog-240624
7574	piconsimpleblack-220x132-antiksat_by_chocholousek.7z	220x132	simpleblack	antiksat	https://picon.cz/download/7574/	core	bundled-catalog-240624
7576	piconsimpleblack-220x132-digiczsk_by_chocholousek.7z	220x132	simpleblack	digiczsk	https://picon.cz/download/7576/	core	bundled-catalog-240624
7578	piconsimpleblack-220x132-czskDTT_by_chocholousek.7z	220x132	simpleblack	czskDTT	https://picon.cz/download/7578/	core	bundled-catalog-240624
7580	piconsimpleblack-220x132-freeSAT_by_chocholousek.7z	220x132	simpleblack	freeSAT	https://picon.cz/download/7580/	core	bundled-catalog-240624
7584	piconsimpleblack-220x132-skylink_by_chocholousek.7z	220x132	simpleblack	skylink	https://picon.cz/download/7584/	core	bundled-catalog-240624
7749	piconjustblack-220x132-8.0W_by_chocholousek.7z	220x132	justblack	8.0W	https://picon.cz/download/7749/	core	bundled-catalog-240624
7751	piconjustblack-220x132-9.0E_by_chocholousek.7z	220x132	justblack	9.0E	https://picon.cz/download/7751/	core	bundled-catalog-240624
7753	piconjustblack-220x132-75.0E_by_chocholousek.7z	220x132	justblack	75.0E	https://picon.cz/download/7753/	core	bundled-catalog-240624
7755	piconjustblack-220x132-80.0E_by_chocholousek.7z	220x132	justblack	80.0E	https://picon.cz/download/7755/	core	bundled-catalog-240624
7759	piconjustblack-220x132-7.0E_by_chocholousek.7z	220x132	justblack	7.0E	https://picon.cz/download/7759/	core	bundled-catalog-240624
7761	piconjustblack-220x132-7.0W_by_chocholousek.7z	220x132	justblack	7.0W	https://picon.cz/download/7761/	core	bundled-catalog-240624
7763	piconjustblack-220x132-52.0E_by_chocholousek.7z	220x132	justblack	52.0E	https://picon.cz/download/7763/	core	bundled-catalog-240624
7765	piconjustblack-220x132-52.5E_by_chocholousek.7z	220x132	justblack	52.5E	https://picon.cz/download/7765/	core	bundled-catalog-240624
7767	piconjustblack-220x132-53.0E_by_chocholousek.7z	220x132	justblack	53.0E	https://picon.cz/download/7767/	core	bundled-catalog-240624
7769	piconjustblack-220x132-54.9E_by_chocholousek.7z	220x132	justblack	54.9E	https://picon.cz/download/7769/	core	bundled-catalog-240624
7771	piconjustblack-220x132-56.0E_by_chocholousek.7z	220x132	justblack	56.0E	https://picon.cz/download/7771/	core	bundled-catalog-240624
7773	piconjustblack-220x132-62.0E_by_chocholousek.7z	220x132	justblack	62.0E	https://picon.cz/download/7773/	core	bundled-catalog-240624
7775	piconjustblack-220x132-66.0E_by_chocholousek.7z	220x132	justblack	66.0E	https://picon.cz/download/7775/	core	bundled-catalog-240624
7777	piconjustblack-220x132-68.5E_by_chocholousek.7z	220x132	justblack	68.5E	https://picon.cz/download/7777/	core	bundled-catalog-240624
7779	piconjustblack-220x132-70.5E_by_chocholousek.7z	220x132	justblack	70.5E	https://picon.cz/download/7779/	core	bundled-catalog-240624
7783	piconjustblack-220x132-4.0W_by_chocholousek.7z	220x132	justblack	4.0W	https://picon.cz/download/7783/	core	bundled-catalog-240624
7785	piconjustblack-220x132-4.8E_by_chocholousek.7z	220x132	justblack	4.8E	https://picon.cz/download/7785/	core	bundled-catalog-240624
7787	piconjustblack-220x132-4.9E_by_chocholousek.7z	220x132	justblack	4.9E	https://picon.cz/download/7787/	core	bundled-catalog-240624
7789	piconjustblack-220x132-5.0W_by_chocholousek.7z	220x132	justblack	5.0W	https://picon.cz/download/7789/	core	bundled-catalog-240624
7791	piconjustblack-220x132-39.0E_by_chocholousek.7z	220x132	justblack	39.0E	https://picon.cz/download/7791/	core	bundled-catalog-240624
7793	piconjustblack-220x132-42.0E_by_chocholousek.7z	220x132	justblack	42.0E	https://picon.cz/download/7793/	core	bundled-catalog-240624
7795	piconjustblack-220x132-45.0E_by_chocholousek.7z	220x132	justblack	45.0E	https://picon.cz/download/7795/	core	bundled-catalog-240624
7799	piconjustblack-220x132-46.0E_by_chocholousek.7z	220x132	justblack	46.0E	https://picon.cz/download/7799/	core	bundled-catalog-240624
7801	piconjustblack-220x132-51.5E_by_chocholousek.7z	220x132	justblack	51.5E	https://picon.cz/download/7801/	core	bundled-catalog-240624
7803	piconjustblack-220x132-3.0E_by_chocholousek.7z	220x132	justblack	3.0E	https://picon.cz/download/7803/	core	bundled-catalog-240624
7809	piconjustblack-220x132-27.5W_by_chocholousek.7z	220x132	justblack	27.5W	https://picon.cz/download/7809/	core	bundled-catalog-240624
7811	piconjustblack-220x132-28.2E_by_chocholousek.7z	220x132	justblack	28.2E	https://picon.cz/download/7811/	core	bundled-catalog-240624
7813	piconjustblack-220x132-30.0W_by_chocholousek.7z	220x132	justblack	30.0W	https://picon.cz/download/7813/	core	bundled-catalog-240624
7815	piconjustblack-220x132-30.5E_by_chocholousek.7z	220x132	justblack	30.5E	https://picon.cz/download/7815/	core	bundled-catalog-240624
7817	piconjustblack-220x132-31.5E_by_chocholousek.7z	220x132	justblack	31.5E	https://picon.cz/download/7817/	core	bundled-catalog-240624
7819	piconjustblack-220x132-33.0E_by_chocholousek.7z	220x132	justblack	33.0E	https://picon.cz/download/7819/	core	bundled-catalog-240624
7821	piconjustblack-220x132-36.0E_by_chocholousek.7z	220x132	justblack	36.0E	https://picon.cz/download/7821/	core	bundled-catalog-240624
7823	piconjustblack-220x132-1.9E_by_chocholousek.7z	220x132	justblack	1.9E	https://picon.cz/download/7823/	core	bundled-catalog-240624
7825	piconjustblack-220x132-16.0E_by_chocholousek.7z	220x132	justblack	16.0E	https://picon.cz/download/7825/	core	bundled-catalog-240624
7827	piconjustblack-220x132-19.2E_by_chocholousek.7z	220x132	justblack	19.2E	https://picon.cz/download/7827/	core	bundled-catalog-240624
7829	piconjustblack-220x132-PolandDTT_by_chocholousek.7z	220x132	justblack	PolandDTT	https://picon.cz/download/7829/	core	bundled-catalog-240624
7831	piconjustblack-220x132-21.5E_by_chocholousek.7z	220x132	justblack	21.5E	https://picon.cz/download/7831/	core	bundled-catalog-240624
7833	piconjustblack-220x132-22.0W_by_chocholousek.7z	220x132	justblack	22.0W	https://picon.cz/download/7833/	core	bundled-catalog-240624
7835	piconjustblack-220x132-23.5E_by_chocholousek.7z	220x132	justblack	23.5E	https://picon.cz/download/7835/	core	bundled-catalog-240624
7837	piconjustblack-220x132-24.5W_by_chocholousek.7z	220x132	justblack	24.5W	https://picon.cz/download/7837/	core	bundled-catalog-240624
7839	piconjustblack-220x132-26.0E_by_chocholousek.7z	220x132	justblack	26.0E	https://picon.cz/download/7839/	core	bundled-catalog-240624
7841	piconjustblack-220x132-0.8W_by_chocholousek.7z	220x132	justblack	0.8W	https://picon.cz/download/7841/	core	bundled-catalog-240624
7843	piconjustblack-220x132-1.0W_by_chocholousek.7z	220x132	justblack	1.0W	https://picon.cz/download/7843/	core	bundled-catalog-240624
7845	piconjustblack-220x132-10.0E_by_chocholousek.7z	220x132	justblack	10.0E	https://picon.cz/download/7845/	core	bundled-catalog-240624
7847	piconjustblack-220x132-GermanyDTT_by_chocholousek.7z	220x132	justblack	GermanyDTT	https://picon.cz/download/7847/	core	bundled-catalog-240624
7849	piconjustblack-220x132-FranceDTT_by_chocholousek.7z	220x132	justblack	FranceDTT	https://picon.cz/download/7849/	core	bundled-catalog-240624
7851	piconjustblack-220x132-13.0E_by_chocholousek.7z	220x132	justblack	13.0E	https://picon.cz/download/7851/	core	bundled-catalog-240624
7853	piconjustblack-220x132-14.0W_by_chocholousek.7z	220x132	justblack	14.0W	https://picon.cz/download/7853/	core	bundled-catalog-240624
7855	piconjustblack-220x132-15.0W_by_chocholousek.7z	220x132	justblack	15.0W	https://picon.cz/download/7855/	core	bundled-catalog-240624
7857	piconjustblack-220x132-freeSAT_by_chocholousek.7z	220x132	justblack	freeSAT	https://picon.cz/download/7857/	core	bundled-catalog-240624
7861	piconjustblack-220x132-skylink_by_chocholousek.7z	220x132	justblack	skylink	https://picon.cz/download/7861/	core	bundled-catalog-240624
7863	piconjustblack-220x132-antiksat_by_chocholousek.7z	220x132	justblack	antiksat	https://picon.cz/download/7863/	core	bundled-catalog-240624
7865	piconjustblack-220x132-digiczsk_by_chocholousek.7z	220x132	justblack	digiczsk	https://picon.cz/download/7865/	core	bundled-catalog-240624
7867	piconjustblack-220x132-ItaliaDTT_by_chocholousek.7z	220x132	justblack	ItaliaDTT	https://picon.cz/download/7867/	core	bundled-catalog-240624
7869	piconjustblack-220x132-czskDTT_by_chocholousek.7z	220x132	justblack	czskDTT	https://picon.cz/download/7869/	core	bundled-catalog-240624
7960	picondirtypaper-220x132-0.8W_by_chocholousek.7z	220x132	dirtypaper	0.8W	https://picon.cz/download/7960/	core	bundled-catalog-240624
7962	picondirtypaper-220x132-1.0W_by_chocholousek.7z	220x132	dirtypaper	1.0W	https://picon.cz/download/7962/	core	bundled-catalog-240624
7964	picondirtypaper-220x132-1.9E_by_chocholousek.7z	220x132	dirtypaper	1.9E	https://picon.cz/download/7964/	core	bundled-catalog-240624
7966	picondirtypaper-220x132-3.0E_by_chocholousek.7z	220x132	dirtypaper	3.0E	https://picon.cz/download/7966/	core	bundled-catalog-240624
5258	picondirtypaper-220x132-FranceDTT_by_chocholousek.7z	220x132	dirtypaper	FranceDTT	https://picon.cz/download/5258/	core	bundled-catalog-240624
7972	picondirtypaper-220x132-4.0W_by_chocholousek.7z	220x132	dirtypaper	4.0W	https://picon.cz/download/7972/	core	bundled-catalog-240624
7974	picondirtypaper-220x132-4.8E_by_chocholousek.7z	220x132	dirtypaper	4.8E	https://picon.cz/download/7974/	core	bundled-catalog-240624
7976	picondirtypaper-220x132-4.9E_by_chocholousek.7z	220x132	dirtypaper	4.9E	https://picon.cz/download/7976/	core	bundled-catalog-240624
7978	picondirtypaper-220x132-5.0W_by_chocholousek.7z	220x132	dirtypaper	5.0W	https://picon.cz/download/7978/	core	bundled-catalog-240624
7980	picondirtypaper-220x132-7.0E_by_chocholousek.7z	220x132	dirtypaper	7.0E	https://picon.cz/download/7980/	core	bundled-catalog-240624
7982	picondirtypaper-220x132-7.0W_by_chocholousek.7z	220x132	dirtypaper	7.0W	https://picon.cz/download/7982/	core	bundled-catalog-240624
7984	picondirtypaper-220x132-8.0W_by_chocholousek.7z	220x132	dirtypaper	8.0W	https://picon.cz/download/7984/	core	bundled-catalog-240624
7986	picondirtypaper-220x132-9.0E_by_chocholousek.7z	220x132	dirtypaper	9.0E	https://picon.cz/download/7986/	core	bundled-catalog-240624
7988	picondirtypaper-220x132-10.0E_by_chocholousek.7z	220x132	dirtypaper	10.0E	https://picon.cz/download/7988/	core	bundled-catalog-240624
7990	picondirtypaper-220x132-GermanyDTT_by_chocholousek.7z	220x132	dirtypaper	GermanyDTT	https://picon.cz/download/7990/	core	bundled-catalog-240624
7992	picondirtypaper-220x132-13.0E_by_chocholousek.7z	220x132	dirtypaper	13.0E	https://picon.cz/download/7992/	core	bundled-catalog-240624
7994	picondirtypaper-220x132-14.0W_by_chocholousek.7z	220x132	dirtypaper	14.0W	https://picon.cz/download/7994/	core	bundled-catalog-240624
7996	picondirtypaper-220x132-15.0W_by_chocholousek.7z	220x132	dirtypaper	15.0W	https://picon.cz/download/7996/	core	bundled-catalog-240624
7998	picondirtypaper-220x132-16.0E_by_chocholousek.7z	220x132	dirtypaper	16.0E	https://picon.cz/download/7998/	core	bundled-catalog-240624
8002	picondirtypaper-220x132-19.2E_by_chocholousek.7z	220x132	dirtypaper	19.2E	https://picon.cz/download/8002/	core	bundled-catalog-240624
8004	picondirtypaper-220x132-PolandDTT_by_chocholousek.7z	220x132	dirtypaper	PolandDTT	https://picon.cz/download/8004/	core	bundled-catalog-240624
8006	picondirtypaper-220x132-21.5E_by_chocholousek.7z	220x132	dirtypaper	21.5E	https://picon.cz/download/8006/	core	bundled-catalog-240624
8008	picondirtypaper-220x132-22.0W_by_chocholousek.7z	220x132	dirtypaper	22.0W	https://picon.cz/download/8008/	core	bundled-catalog-240624
8010	picondirtypaper-220x132-23.5E_by_chocholousek.7z	220x132	dirtypaper	23.5E	https://picon.cz/download/8010/	core	bundled-catalog-240624
8012	picondirtypaper-220x132-24.5W_by_chocholousek.7z	220x132	dirtypaper	24.5W	https://picon.cz/download/8012/	core	bundled-catalog-240624
8014	picondirtypaper-220x132-26.0E_by_chocholousek.7z	220x132	dirtypaper	26.0E	https://picon.cz/download/8014/	core	bundled-catalog-240624
8016	picondirtypaper-220x132-27.5W_by_chocholousek.7z	220x132	dirtypaper	27.5W	https://picon.cz/download/8016/	core	bundled-catalog-240624
8018	picondirtypaper-220x132-28.2E_by_chocholousek.7z	220x132	dirtypaper	28.2E	https://picon.cz/download/8018/	core	bundled-catalog-240624
8020	picondirtypaper-220x132-30.0W_by_chocholousek.7z	220x132	dirtypaper	30.0W	https://picon.cz/download/8020/	core	bundled-catalog-240624
8022	picondirtypaper-220x132-30.5E_by_chocholousek.7z	220x132	dirtypaper	30.5E	https://picon.cz/download/8022/	core	bundled-catalog-240624
8024	picondirtypaper-220x132-31.5E_by_chocholousek.7z	220x132	dirtypaper	31.5E	https://picon.cz/download/8024/	core	bundled-catalog-240624
8026	picondirtypaper-220x132-33.0E_by_chocholousek.7z	220x132	dirtypaper	33.0E	https://picon.cz/download/8026/	core	bundled-catalog-240624
8028	picondirtypaper-220x132-36.0E_by_chocholousek.7z	220x132	dirtypaper	36.0E	https://picon.cz/download/8028/	core	bundled-catalog-240624
8030	picondirtypaper-220x132-39.0E_by_chocholousek.7z	220x132	dirtypaper	39.0E	https://picon.cz/download/8030/	core	bundled-catalog-240624
8032	picondirtypaper-220x132-42.0E_by_chocholousek.7z	220x132	dirtypaper	42.0E	https://picon.cz/download/8032/	core	bundled-catalog-240624
8034	picondirtypaper-220x132-45.0E_by_chocholousek.7z	220x132	dirtypaper	45.0E	https://picon.cz/download/8034/	core	bundled-catalog-240624
8038	picondirtypaper-220x132-46.0E_by_chocholousek.7z	220x132	dirtypaper	46.0E	https://picon.cz/download/8038/	core	bundled-catalog-240624
8040	picondirtypaper-220x132-51.5E_by_chocholousek.7z	220x132	dirtypaper	51.5E	https://picon.cz/download/8040/	core	bundled-catalog-240624
8042	picondirtypaper-220x132-52.0E_by_chocholousek.7z	220x132	dirtypaper	52.0E	https://picon.cz/download/8042/	core	bundled-catalog-240624
8044	picondirtypaper-220x132-52.5E_by_chocholousek.7z	220x132	dirtypaper	52.5E	https://picon.cz/download/8044/	core	bundled-catalog-240624
8046	picondirtypaper-220x132-53.0E_by_chocholousek.7z	220x132	dirtypaper	53.0E	https://picon.cz/download/8046/	core	bundled-catalog-240624
8048	picondirtypaper-220x132-54.9E_by_chocholousek.7z	220x132	dirtypaper	54.9E	https://picon.cz/download/8048/	core	bundled-catalog-240624
8050	picondirtypaper-220x132-56.0E_by_chocholousek.7z	220x132	dirtypaper	56.0E	https://picon.cz/download/8050/	core	bundled-catalog-240624
8052	picondirtypaper-220x132-62.0E_by_chocholousek.7z	220x132	dirtypaper	62.0E	https://picon.cz/download/8052/	core	bundled-catalog-240624
8054	picondirtypaper-220x132-66.0E_by_chocholousek.7z	220x132	dirtypaper	66.0E	https://picon.cz/download/8054/	core	bundled-catalog-240624
8056	picondirtypaper-220x132-68.5E_by_chocholousek.7z	220x132	dirtypaper	68.5E	https://picon.cz/download/8056/	core	bundled-catalog-240624
8058	picondirtypaper-220x132-70.5E_by_chocholousek.7z	220x132	dirtypaper	70.5E	https://picon.cz/download/8058/	core	bundled-catalog-240624
8062	picondirtypaper-220x132-75.0E_by_chocholousek.7z	220x132	dirtypaper	75.0E	https://picon.cz/download/8062/	core	bundled-catalog-240624
8064	picondirtypaper-220x132-80.0E_by_chocholousek.7z	220x132	dirtypaper	80.0E	https://picon.cz/download/8064/	core	bundled-catalog-240624
8068	picondirtypaper-220x132-antiksat_by_chocholousek.7z	220x132	dirtypaper	antiksat	https://picon.cz/download/8068/	core	bundled-catalog-240624
8070	picondirtypaper-220x132-digiczsk_by_chocholousek.7z	220x132	dirtypaper	digiczsk	https://picon.cz/download/8070/	core	bundled-catalog-240624
8072	picondirtypaper-220x132-ItaliaDTT_by_chocholousek.7z	220x132	dirtypaper	ItaliaDTT	https://picon.cz/download/8072/	core	bundled-catalog-240624
8074	picondirtypaper-220x132-czskDTT_by_chocholousek.7z	220x132	dirtypaper	czskDTT	https://picon.cz/download/8074/	core	bundled-catalog-240624
8076	picondirtypaper-220x132-freeSAT_by_chocholousek.7z	220x132	dirtypaper	freeSAT	https://picon.cz/download/8076/	core	bundled-catalog-240624
8080	picondirtypaper-220x132-skylink_by_chocholousek.7z	220x132	dirtypaper	skylink	https://picon.cz/download/8080/	core	bundled-catalog-240624
8142	piconmirrorglass-400x240-13.0E_by_chocholousek.7z	400x240	mirrorglass	13.0E	https://picon.cz/download/8142/	core	bundled-catalog-240624
8144	piconmirrorglass-400x240-19.2E_by_chocholousek.7z	400x240	mirrorglass	19.2E	https://picon.cz/download/8144/	core	bundled-catalog-240624
8146	piconmirrorglass-400x240-36.0E_by_chocholousek.7z	400x240	mirrorglass	36.0E	https://picon.cz/download/8146/	core	bundled-catalog-240624
8148	piconmirrorglass-400x240-7.0W_by_chocholousek.7z	400x240	mirrorglass	7.0W	https://picon.cz/download/8148/	core	bundled-catalog-240624
8150	piconmirrorglass-400x240-0.8W_by_chocholousek.7z	400x240	mirrorglass	0.8W	https://picon.cz/download/8150/	core	bundled-catalog-240624
8152	piconmirrorglass-400x240-1.0W_by_chocholousek.7z	400x240	mirrorglass	1.0W	https://picon.cz/download/8152/	core	bundled-catalog-240624
8154	piconmirrorglass-400x240-16.0E_by_chocholousek.7z	400x240	mirrorglass	16.0E	https://picon.cz/download/8154/	core	bundled-catalog-240624
8156	piconmirrorglass-400x240-28.2E_by_chocholousek.7z	400x240	mirrorglass	28.2E	https://picon.cz/download/8156/	core	bundled-catalog-240624
8158	piconmirrorglass-400x240-9.0E_by_chocholousek.7z	400x240	mirrorglass	9.0E	https://picon.cz/download/8158/	core	bundled-catalog-240624
8160	piconmirrorglass-400x240-23.5E_by_chocholousek.7z	400x240	mirrorglass	23.5E	https://picon.cz/download/8160/	core	bundled-catalog-240624
8162	piconmirrorglass-400x240-26.0E_by_chocholousek.7z	400x240	mirrorglass	26.0E	https://picon.cz/download/8162/	core	bundled-catalog-240624
8164	piconmirrorglass-400x240-42.0E_by_chocholousek.7z	400x240	mirrorglass	42.0E	https://picon.cz/download/8164/	core	bundled-catalog-240624
8166	piconmirrorglass-400x240-4.8E_by_chocholousek.7z	400x240	mirrorglass	4.8E	https://picon.cz/download/8166/	core	bundled-catalog-240624
8168	piconmirrorglass-400x240-4.9E_by_chocholousek.7z	400x240	mirrorglass	4.9E	https://picon.cz/download/8168/	core	bundled-catalog-240624
8170	piconmirrorglass-400x240-39.0E_by_chocholousek.7z	400x240	mirrorglass	39.0E	https://picon.cz/download/8170/	core	bundled-catalog-240624
8172	piconmirrorglass-400x240-75.0E_by_chocholousek.7z	400x240	mirrorglass	75.0E	https://picon.cz/download/8172/	core	bundled-catalog-240624
8176	piconmirrorglass-400x240-digiczsk_by_chocholousek.7z	400x240	mirrorglass	digiczsk	https://picon.cz/download/8176/	core	bundled-catalog-240624
8178	piconmirrorglass-400x240-ItaliaDTT_by_chocholousek.7z	400x240	mirrorglass	ItaliaDTT	https://picon.cz/download/8178/	core	bundled-catalog-240624
8180	piconmirrorglass-400x240-80.0E_by_chocholousek.7z	400x240	mirrorglass	80.0E	https://picon.cz/download/8180/	core	bundled-catalog-240624
8184	piconmirrorglass-400x240-31.5E_by_chocholousek.7z	400x240	mirrorglass	31.5E	https://picon.cz/download/8184/	core	bundled-catalog-240624
8186	piconmirrorglass-400x240-freeSAT_by_chocholousek.7z	400x240	mirrorglass	freeSAT	https://picon.cz/download/8186/	core	bundled-catalog-240624
8188	piconmirrorglass-400x240-1.9E_by_chocholousek.7z	400x240	mirrorglass	1.9E	https://picon.cz/download/8188/	core	bundled-catalog-240624
8190	piconmirrorglass-400x240-30.0W_by_chocholousek.7z	400x240	mirrorglass	30.0W	https://picon.cz/download/8190/	core	bundled-catalog-240624
8192	piconmirrorglass-400x240-5.0W_by_chocholousek.7z	400x240	mirrorglass	5.0W	https://picon.cz/download/8192/	core	bundled-catalog-240624
8194	piconmirrorglass-400x240-4.0W_by_chocholousek.7z	400x240	mirrorglass	4.0W	https://picon.cz/download/8194/	core	bundled-catalog-240624
8196	piconmirrorglass-400x240-skylink_by_chocholousek.7z	400x240	mirrorglass	skylink	https://picon.cz/download/8196/	core	bundled-catalog-240624
8198	piconmirrorglass-400x240-45.0E_by_chocholousek.7z	400x240	mirrorglass	45.0E	https://picon.cz/download/8198/	core	bundled-catalog-240624
8200	piconmirrorglass-400x240-czskDTT_by_chocholousek.7z	400x240	mirrorglass	czskDTT	https://picon.cz/download/8200/	core	bundled-catalog-240624
8204	piconmirrorglass-400x240-7.0E_by_chocholousek.7z	400x240	mirrorglass	7.0E	https://picon.cz/download/8204/	core	bundled-catalog-240624
8206	piconmirrorglass-400x240-52.0E_by_chocholousek.7z	400x240	mirrorglass	52.0E	https://picon.cz/download/8206/	core	bundled-catalog-240624
8208	piconmirrorglass-400x240-antiksat_by_chocholousek.7z	400x240	mirrorglass	antiksat	https://picon.cz/download/8208/	core	bundled-catalog-240624
8210	piconmirrorglass-400x240-68.5E_by_chocholousek.7z	400x240	mirrorglass	68.5E	https://picon.cz/download/8210/	core	bundled-catalog-240624
8212	piconmirrorglass-400x240-8.0W_by_chocholousek.7z	400x240	mirrorglass	8.0W	https://picon.cz/download/8212/	core	bundled-catalog-240624
8214	piconmirrorglass-400x240-51.5E_by_chocholousek.7z	400x240	mirrorglass	51.5E	https://picon.cz/download/8214/	core	bundled-catalog-240624
8216	piconmirrorglass-400x240-21.5E_by_chocholousek.7z	400x240	mirrorglass	21.5E	https://picon.cz/download/8216/	core	bundled-catalog-240624
8218	piconmirrorglass-400x240-30.5E_by_chocholousek.7z	400x240	mirrorglass	30.5E	https://picon.cz/download/8218/	core	bundled-catalog-240624
8220	piconmirrorglass-400x240-10.0E_by_chocholousek.7z	400x240	mirrorglass	10.0E	https://picon.cz/download/8220/	core	bundled-catalog-240624
8222	piconmirrorglass-400x240-33.0E_by_chocholousek.7z	400x240	mirrorglass	33.0E	https://picon.cz/download/8222/	core	bundled-catalog-240624
8224	piconmirrorglass-400x240-54.9E_by_chocholousek.7z	400x240	mirrorglass	54.9E	https://picon.cz/download/8224/	core	bundled-catalog-240624
8226	piconmirrorglass-400x240-PolandDTT_by_chocholousek.7z	400x240	mirrorglass	PolandDTT	https://picon.cz/download/8226/	core	bundled-catalog-240624
8228	piconmirrorglass-400x240-27.5W_by_chocholousek.7z	400x240	mirrorglass	27.5W	https://picon.cz/download/8228/	core	bundled-catalog-240624
8230	piconmirrorglass-400x240-62.0E_by_chocholousek.7z	400x240	mirrorglass	62.0E	https://picon.cz/download/8230/	core	bundled-catalog-240624
8232	piconmirrorglass-400x240-46.0E_by_chocholousek.7z	400x240	mirrorglass	46.0E	https://picon.cz/download/8232/	core	bundled-catalog-240624
8234	piconmirrorglass-400x240-3.0E_by_chocholousek.7z	400x240	mirrorglass	3.0E	https://picon.cz/download/8234/	core	bundled-catalog-240624
8238	piconmirrorglass-400x240-53.0E_by_chocholousek.7z	400x240	mirrorglass	53.0E	https://picon.cz/download/8238/	core	bundled-catalog-240624
8240	piconmirrorglass-400x240-24.5W_by_chocholousek.7z	400x240	mirrorglass	24.5W	https://picon.cz/download/8240/	core	bundled-catalog-240624
8242	piconmirrorglass-400x240-56.0E_by_chocholousek.7z	400x240	mirrorglass	56.0E	https://picon.cz/download/8242/	core	bundled-catalog-240624
8244	piconmirrorglass-400x240-70.5E_by_chocholousek.7z	400x240	mirrorglass	70.5E	https://picon.cz/download/8244/	core	bundled-catalog-240624
8246	piconmirrorglass-400x240-66.0E_by_chocholousek.7z	400x240	mirrorglass	66.0E	https://picon.cz/download/8246/	core	bundled-catalog-240624
8248	piconmirrorglass-400x240-22.0W_by_chocholousek.7z	400x240	mirrorglass	22.0W	https://picon.cz/download/8248/	core	bundled-catalog-240624
8252	piconmirrorglass-400x240-15.0W_by_chocholousek.7z	400x240	mirrorglass	15.0W	https://picon.cz/download/8252/	core	bundled-catalog-240624
8254	piconmirrorglass-400x240-52.5E_by_chocholousek.7z	400x240	mirrorglass	52.5E	https://picon.cz/download/8254/	core	bundled-catalog-240624
8256	piconmirrorglass-400x240-14.0W_by_chocholousek.7z	400x240	mirrorglass	14.0W	https://picon.cz/download/8256/	core	bundled-catalog-240624
6608	piconmirrorglass-400x240-FranceDTT_by_chocholousek.7z	400x240	mirrorglass	FranceDTT	https://picon.cz/download/6608/	core	bundled-catalog-240624
8258	piconmirrorglass-400x240-GermanyDTT_by_chocholousek.7z	400x240	mirrorglass	GermanyDTT	https://picon.cz/download/8258/	core	bundled-catalog-240624
8723	piconwin11-220x132-0.8W_by_chocholousek.7z	220x132	win11	0.8W	https://picon.cz/download/8723/	core	bundled-catalog-240624
8725	piconwin11-220x132-1.0W_by_chocholousek.7z	220x132	win11	1.0W	https://picon.cz/download/8725/	core	bundled-catalog-240624
8727	piconwin11-220x132-1.9E_by_chocholousek.7z	220x132	win11	1.9E	https://picon.cz/download/8727/	core	bundled-catalog-240624
8729	piconwin11-220x132-3.0E_by_chocholousek.7z	220x132	win11	3.0E	https://picon.cz/download/8729/	core	bundled-catalog-240624
8753	piconwin11-220x132-GermanyDTT_by_chocholousek.7z	220x132	win11	GermanyDTT	https://picon.cz/download/8753/	core	bundled-catalog-240624
8735	piconwin11-220x132-4.0W_by_chocholousek.7z	220x132	win11	4.0W	https://picon.cz/download/8735/	core	bundled-catalog-240624
8737	piconwin11-220x132-4.8E_by_chocholousek.7z	220x132	win11	4.8E	https://picon.cz/download/8737/	core	bundled-catalog-240624
8739	piconwin11-220x132-4.9E_by_chocholousek.7z	220x132	win11	4.9E	https://picon.cz/download/8739/	core	bundled-catalog-240624
8741	piconwin11-220x132-5.0W_by_chocholousek.7z	220x132	win11	5.0W	https://picon.cz/download/8741/	core	bundled-catalog-240624
8743	piconwin11-220x132-7.0E_by_chocholousek.7z	220x132	win11	7.0E	https://picon.cz/download/8743/	core	bundled-catalog-240624
8745	piconwin11-220x132-7.0W_by_chocholousek.7z	220x132	win11	7.0W	https://picon.cz/download/8745/	core	bundled-catalog-240624
8747	piconwin11-220x132-8.0W_by_chocholousek.7z	220x132	win11	8.0W	https://picon.cz/download/8747/	core	bundled-catalog-240624
8749	piconwin11-220x132-9.0E_by_chocholousek.7z	220x132	win11	9.0E	https://picon.cz/download/8749/	core	bundled-catalog-240624
8751	piconwin11-220x132-10.0E_by_chocholousek.7z	220x132	win11	10.0E	https://picon.cz/download/8751/	core	bundled-catalog-240624
6610	piconwin11-220x132-FranceDTT_by_chocholousek.7z	220x132	win11	FranceDTT	https://picon.cz/download/6610/	core	bundled-catalog-240624
8755	piconwin11-220x132-13.0E_by_chocholousek.7z	220x132	win11	13.0E	https://picon.cz/download/8755/	core	bundled-catalog-240624
8757	piconwin11-220x132-14.0W_by_chocholousek.7z	220x132	win11	14.0W	https://picon.cz/download/8757/	core	bundled-catalog-240624
8759	piconwin11-220x132-15.0W_by_chocholousek.7z	220x132	win11	15.0W	https://picon.cz/download/8759/	core	bundled-catalog-240624
8761	piconwin11-220x132-16.0E_by_chocholousek.7z	220x132	win11	16.0E	https://picon.cz/download/8761/	core	bundled-catalog-240624
8763	piconwin11-220x132-19.2E_by_chocholousek.7z	220x132	win11	19.2E	https://picon.cz/download/8763/	core	bundled-catalog-240624
8765	piconwin11-220x132-21.5E_by_chocholousek.7z	220x132	win11	21.5E	https://picon.cz/download/8765/	core	bundled-catalog-240624
8767	piconwin11-220x132-22.0W_by_chocholousek.7z	220x132	win11	22.0W	https://picon.cz/download/8767/	core	bundled-catalog-240624
8769	piconwin11-220x132-23.5E_by_chocholousek.7z	220x132	win11	23.5E	https://picon.cz/download/8769/	core	bundled-catalog-240624
8771	piconwin11-220x132-24.5W_by_chocholousek.7z	220x132	win11	24.5W	https://picon.cz/download/8771/	core	bundled-catalog-240624
8773	piconwin11-220x132-26.0E_by_chocholousek.7z	220x132	win11	26.0E	https://picon.cz/download/8773/	core	bundled-catalog-240624
8775	piconwin11-220x132-27.5W_by_chocholousek.7z	220x132	win11	27.5W	https://picon.cz/download/8775/	core	bundled-catalog-240624
8777	piconwin11-220x132-28.2E_by_chocholousek.7z	220x132	win11	28.2E	https://picon.cz/download/8777/	core	bundled-catalog-240624
8779	piconwin11-220x132-30.0W_by_chocholousek.7z	220x132	win11	30.0W	https://picon.cz/download/8779/	core	bundled-catalog-240624
8781	piconwin11-220x132-30.5E_by_chocholousek.7z	220x132	win11	30.5E	https://picon.cz/download/8781/	core	bundled-catalog-240624
8783	piconwin11-220x132-31.5E_by_chocholousek.7z	220x132	win11	31.5E	https://picon.cz/download/8783/	core	bundled-catalog-240624
8785	piconwin11-220x132-33.0E_by_chocholousek.7z	220x132	win11	33.0E	https://picon.cz/download/8785/	core	bundled-catalog-240624
8787	piconwin11-220x132-36.0E_by_chocholousek.7z	220x132	win11	36.0E	https://picon.cz/download/8787/	core	bundled-catalog-240624
8789	piconwin11-220x132-39.0E_by_chocholousek.7z	220x132	win11	39.0E	https://picon.cz/download/8789/	core	bundled-catalog-240624
8791	piconwin11-220x132-42.0E_by_chocholousek.7z	220x132	win11	42.0E	https://picon.cz/download/8791/	core	bundled-catalog-240624
8793	piconwin11-220x132-45.0E_by_chocholousek.7z	220x132	win11	45.0E	https://picon.cz/download/8793/	core	bundled-catalog-240624
8797	piconwin11-220x132-46.0E_by_chocholousek.7z	220x132	win11	46.0E	https://picon.cz/download/8797/	core	bundled-catalog-240624
8799	piconwin11-220x132-51.5E_by_chocholousek.7z	220x132	win11	51.5E	https://picon.cz/download/8799/	core	bundled-catalog-240624
8801	piconwin11-220x132-52.0E_by_chocholousek.7z	220x132	win11	52.0E	https://picon.cz/download/8801/	core	bundled-catalog-240624
8803	piconwin11-220x132-52.5E_by_chocholousek.7z	220x132	win11	52.5E	https://picon.cz/download/8803/	core	bundled-catalog-240624
8805	piconwin11-220x132-53.0E_by_chocholousek.7z	220x132	win11	53.0E	https://picon.cz/download/8805/	core	bundled-catalog-240624
8807	piconwin11-220x132-54.9E_by_chocholousek.7z	220x132	win11	54.9E	https://picon.cz/download/8807/	core	bundled-catalog-240624
8809	piconwin11-220x132-56.0E_by_chocholousek.7z	220x132	win11	56.0E	https://picon.cz/download/8809/	core	bundled-catalog-240624
8811	piconwin11-220x132-62.0E_by_chocholousek.7z	220x132	win11	62.0E	https://picon.cz/download/8811/	core	bundled-catalog-240624
8813	piconwin11-220x132-66.0E_by_chocholousek.7z	220x132	win11	66.0E	https://picon.cz/download/8813/	core	bundled-catalog-240624
8815	piconwin11-220x132-68.5E_by_chocholousek.7z	220x132	win11	68.5E	https://picon.cz/download/8815/	core	bundled-catalog-240624
8817	piconwin11-220x132-70.5E_by_chocholousek.7z	220x132	win11	70.5E	https://picon.cz/download/8817/	core	bundled-catalog-240624
8821	piconwin11-220x132-75.0E_by_chocholousek.7z	220x132	win11	75.0E	https://picon.cz/download/8821/	core	bundled-catalog-240624
8823	piconwin11-220x132-80.0E_by_chocholousek.7z	220x132	win11	80.0E	https://picon.cz/download/8823/	core	bundled-catalog-240624
8827	piconwin11-220x132-antiksat_by_chocholousek.7z	220x132	win11	antiksat	https://picon.cz/download/8827/	core	bundled-catalog-240624
8829	piconwin11-220x132-digiczsk_by_chocholousek.7z	220x132	win11	digiczsk	https://picon.cz/download/8829/	core	bundled-catalog-240624
8831	piconwin11-220x132-ItaliaDTT_by_chocholousek.7z	220x132	win11	ItaliaDTT	https://picon.cz/download/8831/	core	bundled-catalog-240624
8833	piconwin11-220x132-czskDTT_by_chocholousek.7z	220x132	win11	czskDTT	https://picon.cz/download/8833/	core	bundled-catalog-240624
8835	piconwin11-220x132-freeSAT_by_chocholousek.7z	220x132	win11	freeSAT	https://picon.cz/download/8835/	core	bundled-catalog-240624
8837	piconwin11-220x132-PolandDTT_by_chocholousek.7z	220x132	win11	PolandDTT	https://picon.cz/download/8837/	core	bundled-catalog-240624
8839	piconwin11-220x132-skylink_by_chocholousek.7z	220x132	win11	skylink	https://picon.cz/download/8839/	core	bundled-catalog-240624
7343	filmbox-premium-(all)_by_chocholousek_(240626).7z				https://picon.cz/download/7343/	preview	bundled-catalog-240624
